time,throughput,speed,latitude,longtitu,area_type
2023-04-13 14:08:22 CDT,108.0,16.56727424068,44.8362732,-93.7883687,suburban
2023-04-13 14:08:23 CDT,123.0,18.80875522888,44.8363185,-93.7881751,suburban
2023-04-13 14:08:24 CDT,109.0,18.80875522888,44.8363185,-93.7881751,suburban
2023-04-13 14:08:25 CDT,88.0,22.28422179868,44.8363691,-93.7879548,suburban
2023-04-13 14:08:26 CDT,88.0,22.28422179868,44.8363691,-93.7879548,suburban
2023-04-13 14:08:27 CDT,95.7,26.59942893366,44.8364046,-93.787682,suburban
2023-04-13 14:08:28 CDT,99.1,26.59942893366,44.8364046,-93.787682,suburban
2023-04-13 14:08:29 CDT,80.8,30.072070248240003,44.8364269,-93.7873549,suburban
2023-04-13 14:08:30 CDT,90.3,30.072070248240003,44.8364269,-93.7873549,suburban
2023-04-13 14:08:31 CDT,92.1,32.55165448545,44.8364447,-93.7869915,suburban
2023-04-13 14:08:32 CDT,98.7,32.55165448545,44.8364447,-93.7869915,suburban
2023-04-13 14:08:33 CDT,94.6,34.483588834920006,44.83646,-93.7866052,suburban
2023-04-13 14:08:34 CDT,92.4,34.483588834920006,44.83646,-93.7866052,suburban
2023-04-13 14:08:35 CDT,90.9,35.26536804776,44.8364657,-93.7862041,suburban
2023-04-13 14:08:36 CDT,94.0,35.26536804776,44.8364657,-93.7862041,suburban
2023-04-13 14:08:37 CDT,98.0,34.7721250147,44.8364635,-93.7858011,suburban
2023-04-13 14:08:38 CDT,97.7,34.7721250147,44.8364635,-93.7858011,suburban
2023-04-13 14:08:39 CDT,71.3,33.229526716820004,44.83646,-93.7854135,suburban
2023-04-13 14:08:40 CDT,95.0,33.229526716820004,44.83646,-93.7854135,suburban
2023-04-13 14:08:41 CDT,101.0,32.52555275106,44.8364571,-93.7850451,suburban
2023-04-13 14:08:42 CDT,97.5,32.52555275106,44.8364571,-93.7850451,suburban
2023-04-13 14:08:43 CDT,98.5,32.256831385800005,44.836454,-93.7846804,suburban
2023-04-13 14:08:44 CDT,108.0,32.256831385800005,44.836454,-93.7846804,suburban
2023-04-13 14:08:45 CDT,113.0,31.817480711220004,44.8364517,-93.7843177,suburban
2023-04-13 14:08:46 CDT,117.0,31.817480711220004,44.8364517,-93.7843177,suburban
2023-04-13 14:08:47 CDT,96.4,33.325918698360006,44.8364538,-93.7839523,suburban
2023-04-13 14:08:48 CDT,85.4,33.325918698360006,44.8364538,-93.7839523,suburban
2023-04-13 14:08:49 CDT,80.9,35.07884751668001,44.8364519,-93.7835648,suburban
2023-04-13 14:08:50 CDT,96.8,35.07884751668001,44.8364519,-93.7835648,suburban
2023-04-13 14:08:51 CDT,103.0,36.5283130546,44.8364483,-93.7831552,suburban
2023-04-13 14:08:52 CDT,88.8,36.5283130546,44.8364483,-93.7831552,suburban
2023-04-13 14:08:53 CDT,89.6,37.4680403639,44.8364447,-93.782732,suburban
2023-04-13 14:08:54 CDT,67.9,37.4680403639,44.8364447,-93.782732,suburban
2023-04-13 14:08:55 CDT,92.0,38.16173335342,44.836439,-93.7823065,suburban
2023-04-13 14:08:56 CDT,82.4,38.16173335342,44.836439,-93.7823065,suburban
2023-04-13 14:08:57 CDT,96.0,39.34695140608001,44.8364306,-93.7818642,suburban
2023-04-13 14:08:58 CDT,98.2,39.34695140608001,44.8364306,-93.7818642,suburban
2023-04-13 14:08:59 CDT,101.0,40.867746249780005,44.8364266,-93.7814086,suburban
2023-04-13 14:09:00 CDT,106.0,40.867746249780005,44.8364266,-93.7814086,suburban
2023-04-13 14:09:01 CDT,97.3,43.01486192408,44.8364247,-93.780933,suburban
2023-04-13 14:09:02 CDT,81.2,43.01486192408,44.8364247,-93.780933,suburban
2023-04-13 14:09:03 CDT,75.9,44.4694388699,44.8364244,-93.7804403,suburban
2023-04-13 14:09:04 CDT,59.1,44.4694388699,44.8364244,-93.7804403,suburban
2023-04-13 14:09:05 CDT,72.9,45.5881213792,44.8364239,-93.7799242,suburban
2023-04-13 14:09:06 CDT,56.2,45.5881213792,44.8364239,-93.7799242,suburban
2023-04-13 14:09:07 CDT,56.8,45.92412766272,44.8364206,-93.779403,suburban
2023-04-13 14:09:08 CDT,63.5,45.92412766272,44.8364206,-93.779403,suburban
2023-04-13 14:09:09 CDT,87.8,45.72318334252,44.8364182,-93.7788838,suburban
2023-04-13 14:09:10 CDT,74.3,45.72318334252,44.8364182,-93.7788838,suburban
2023-04-13 14:09:11 CDT,84.0,44.605292709980006,44.8364159,-93.7783787,suburban
2023-04-13 14:09:12 CDT,91.7,44.605292709980006,44.8364159,-93.7783787,suburban
2023-04-13 14:09:13 CDT,80.4,44.716336648520006,44.8364156,-93.7778716,suburban
2023-04-13 14:09:14 CDT,87.1,44.716336648520006,44.8364156,-93.7778716,suburban
2023-04-13 14:09:15 CDT,102.0,44.58230815148001,44.8364161,-93.7773658,suburban
2023-04-13 14:09:16 CDT,105.0,44.58230815148001,44.8364161,-93.7773658,suburban
2023-04-13 14:09:17 CDT,97.8,44.20215362012,44.8364155,-93.7768643,suburban
2023-04-13 14:09:18 CDT,88.0,44.20215362012,44.8364155,-93.7768643,suburban
2023-04-13 14:09:19 CDT,90.8,44.984225872100005,44.8364163,-93.7763605,suburban
2023-04-13 14:09:20 CDT,87.7,44.984225872100005,44.8364163,-93.7763605,suburban
2023-04-13 14:09:21 CDT,80.5,46.25888797066,44.8364143,-93.7758449,suburban
2023-04-13 14:09:22 CDT,60.1,46.25888797066,44.8364143,-93.7758449,suburban
2023-04-13 14:09:23 CDT,61.8,46.818744839980006,44.8364159,-93.7753146,suburban
2023-04-13 14:09:24 CDT,62.5,46.818744839980006,44.8364159,-93.7753146,suburban
2023-04-13 14:09:25 CDT,68.9,43.82407944296,44.8364187,-93.7747977,suburban
2023-04-13 14:09:26 CDT,53.7,43.82407944296,44.8364187,-93.7747977,suburban
2023-04-13 14:09:27 CDT,69.2,38.22544811544,44.8364173,-93.774328,suburban
2023-04-13 14:09:28 CDT,83.6,38.22544811544,44.8364173,-93.774328,suburban
2023-04-13 14:09:29 CDT,88.9,31.9341527908,44.8364176,-93.7739306,suburban
2023-04-13 14:09:30 CDT,78.5,31.9341527908,44.8364176,-93.7739306,suburban
2023-04-13 14:09:31 CDT,83.6,23.77807046314,44.8364194,-93.773617,suburban
2023-04-13 14:09:32 CDT,66.9,23.77807046314,44.8364194,-93.773617,suburban
2023-04-13 14:09:33 CDT,87.3,10.85969051352,44.8364175,-93.773419,suburban
2023-04-13 14:09:34 CDT,85.8,10.85969051352,44.8364175,-93.773419,suburban
2023-04-13 14:09:35 CDT,99.1,10.806353810936,44.8364157,-93.7733783,suburban
2023-04-13 14:09:36 CDT,93.5,10.806353810936,44.8364157,-93.7733783,suburban
2023-04-13 14:09:37 CDT,96.1,7.464003514044001,44.836415,-93.773377,suburban
2023-04-13 14:09:38 CDT,103.0,7.464003514044001,44.836415,-93.773377,suburban
2023-04-13 14:09:39 CDT,97.4,4.71930363516,44.8364151,-93.7734162,suburban
2023-04-13 14:09:40 CDT,94.2,4.71930363516,44.8364151,-93.7734162,suburban
2023-04-13 14:09:41 CDT,77.8,1.2251094707882,44.8364154,-93.7734382,suburban
2023-04-13 14:09:42 CDT,88.1,1.2251094707882,44.8364154,-93.7734382,suburban
2023-04-13 14:09:43 CDT,84.7,0.5305043242444001,44.8364154,-93.7734416,suburban
2023-04-13 14:09:44 CDT,89.0,0.5305043242444001,44.8364154,-93.7734416,suburban
2023-04-13 14:09:45 CDT,86.5,0.08213606134536,44.8364154,-93.7734414,suburban
2023-04-13 14:09:46 CDT,85.2,0.08213606134536,44.8364154,-93.7734414,suburban
2023-04-13 14:09:47 CDT,77.1,6.812863163062001e-05,44.8364154,-93.7734411,suburban
2023-04-13 14:09:48 CDT,90.7,6.812863163062001e-05,44.8364154,-93.7734411,suburban
2023-04-13 14:09:49 CDT,91.7,0.003262936466258,44.8364154,-93.7734411,suburban
2023-04-13 14:09:50 CDT,92.9,0.003262936466258,44.8364154,-93.7734411,suburban
2023-04-13 14:09:51 CDT,98.5,0.0008587556289112,44.8364154,-93.7734411,suburban
2023-04-13 14:09:52 CDT,82.2,0.0008587556289112,44.8364154,-93.7734411,suburban
2023-04-13 14:09:53 CDT,94.9,9.56320482832e-05,44.8364154,-93.7734411,suburban
2023-04-13 14:09:54 CDT,93.6,9.56320482832e-05,44.8364154,-93.7734411,suburban
2023-04-13 14:09:55 CDT,99.0,9.07972603836e-06,44.8364154,-93.7734411,suburban
2023-04-13 14:09:56 CDT,83.9,9.07972603836e-06,44.8364154,-93.7734411,suburban
2023-04-13 14:09:57 CDT,101.0,6.194451033832e-06,44.8364154,-93.7734411,suburban
2023-04-13 14:09:58 CDT,95.2,6.194451033832e-06,44.8364154,-93.7734411,suburban
2023-04-13 14:09:59 CDT,91.4,1.265325334694e-06,44.8364154,-93.7734411,suburban
2023-04-13 14:10:00 CDT,83.4,1.265325334694e-06,44.8364154,-93.7734411,suburban
2023-04-13 14:10:01 CDT,103.0,6.127358939800001,44.8364154,-93.7734038,suburban
2023-04-13 14:10:02 CDT,103.0,6.127358939800001,44.8364154,-93.7734038,suburban
2023-04-13 14:10:03 CDT,102.0,13.215375341704002,44.8364136,-93.7732951,suburban
2023-04-13 14:10:04 CDT,47.8,13.215375341704002,44.8364136,-93.7732951,suburban
2023-04-13 14:10:05 CDT,64.2,20.06058488086,44.8364108,-93.773097,suburban
2023-04-13 14:10:06 CDT,31.0,20.06058488086,44.8364108,-93.773097,suburban
2023-04-13 14:10:07 CDT,24.5,24.69286931308,44.8364068,-93.7728377,suburban
2023-04-13 14:10:08 CDT,4.37,24.69286931308,44.8364068,-93.7728377,suburban
2023-04-13 14:10:09 CDT,12.6,29.498084865880003,44.8363979,-93.7725216,suburban
2023-04-13 14:10:10 CDT,3.69,29.498084865880003,44.8363979,-93.7725216,suburban
2023-04-13 14:10:11 CDT,43.1,32.992167250360005,44.836377,-93.7721639,suburban
2023-04-13 14:10:12 CDT,118.0,32.992167250360005,44.836377,-93.7721639,suburban
2023-04-13 14:10:13 CDT,106.0,35.76609140818,44.8363371,-93.7717689,suburban
2023-04-13 14:10:14 CDT,110.0,35.76609140818,44.8363371,-93.7717689,suburban
2023-04-13 14:10:15 CDT,103.0,37.31904226438,44.8362854,-93.7713626,suburban
2023-04-13 14:10:16 CDT,105.0,37.31904226438,44.8362854,-93.7713626,suburban
2023-04-13 14:10:17 CDT,112.0,38.5201068,44.8362085,-93.7709351,suburban
2023-04-13 14:10:18 CDT,118.0,38.5201068,44.8362085,-93.7709351,suburban
2023-04-13 14:10:19 CDT,111.0,40.44700244212,44.8361239,-93.7705104,suburban
2023-04-13 14:10:20 CDT,105.0,40.44700244212,44.8361239,-93.7705104,suburban
2023-04-13 14:10:21 CDT,108.0,42.410973127800005,44.8360124,-93.7700652,suburban
2023-04-13 14:10:22 CDT,113.0,42.410973127800005,44.8360124,-93.7700652,suburban
2023-04-13 14:10:23 CDT,108.0,43.68913380052,44.8358817,-93.7696132,suburban
2023-04-13 14:10:24 CDT,105.0,43.68913380052,44.8358817,-93.7696132,suburban
2023-04-13 14:10:25 CDT,108.0,45.3397763004,44.8357236,-93.7691513,suburban
2023-04-13 14:10:26 CDT,96.3,45.3397763004,44.8357236,-93.7691513,suburban
2023-04-13 14:10:27 CDT,103.0,47.28555171612,44.835538,-93.7686966,suburban
2023-04-13 14:10:28 CDT,100.0,47.28555171612,44.835538,-93.7686966,suburban
2023-04-13 14:10:29 CDT,99.3,48.85174078324,44.8353231,-93.7682348,suburban
2023-04-13 14:10:30 CDT,105.0,48.85174078324,44.8353231,-93.7682348,suburban
2023-04-13 14:10:31 CDT,88.3,50.462283896680006,44.8350928,-93.7677792,suburban
2023-04-13 14:10:32 CDT,98.8,50.462283896680006,44.8350928,-93.7677792,suburban
2023-04-13 14:10:33 CDT,107.0,51.96898378144,44.834836,-93.7673183,suburban
2023-04-13 14:10:34 CDT,101.0,51.96898378144,44.834836,-93.7673183,suburban
2023-04-13 14:10:35 CDT,102.0,53.3490281234,44.8345606,-93.7668535,suburban
2023-04-13 14:10:36 CDT,121.0,53.3490281234,44.8345606,-93.7668535,suburban
2023-04-13 14:10:37 CDT,111.0,54.24451547032001,44.8342871,-93.7663788,suburban
2023-04-13 14:10:38 CDT,109.0,54.24451547032001,44.8342871,-93.7663788,suburban
2023-04-13 14:10:39 CDT,110.0,55.31790889238,44.8340098,-93.7659017,suburban
2023-04-13 14:10:40 CDT,109.0,55.31790889238,44.8340098,-93.7659017,suburban
2023-04-13 14:10:41 CDT,71.2,55.345107845840005,44.833726,-93.7654117,suburban
2023-04-13 14:10:42 CDT,117.0,55.345107845840005,44.833726,-93.7654117,suburban
2023-04-13 14:10:43 CDT,116.0,55.34229153838,44.8334479,-93.7649178,suburban
2023-04-13 14:10:44 CDT,116.0,55.34229153838,44.8334479,-93.7649178,suburban
2023-04-13 14:10:45 CDT,109.0,55.1903205456,44.833171,-93.7644281,suburban
2023-04-13 14:10:46 CDT,115.0,55.1903205456,44.833171,-93.7644281,suburban
2023-04-13 14:10:47 CDT,115.0,55.268964645180006,44.8328942,-93.7639452,suburban
2023-04-13 14:10:48 CDT,116.0,55.268964645180006,44.8328942,-93.7639452,suburban
2023-04-13 14:10:49 CDT,105.0,53.89187082708,44.8326149,-93.7634621,suburban
2023-04-13 14:10:50 CDT,105.0,53.89187082708,44.8326149,-93.7634621,suburban
2023-04-13 14:10:51 CDT,108.0,52.56403219084,44.8323477,-93.7629897,suburban
2023-04-13 14:10:52 CDT,122.0,52.56403219084,44.8323477,-93.7629897,suburban
2023-04-13 14:10:53 CDT,122.0,51.549984786980005,44.8320871,-93.7625317,suburban
2023-04-13 14:10:54 CDT,114.0,51.549984786980005,44.8320871,-93.7625317,suburban
2023-04-13 14:10:55 CDT,112.0,50.45408774852,44.8318312,-93.7620823,suburban
2023-04-13 14:10:56 CDT,119.0,50.45408774852,44.8318312,-93.7620823,suburban
2023-04-13 14:10:57 CDT,125.0,50.15866850436,44.8315787,-93.7616417,suburban
2023-04-13 14:10:58 CDT,115.0,50.15866850436,44.8315787,-93.7616417,suburban
2023-04-13 14:10:59 CDT,103.0,50.17669376688001,44.8313235,-93.7612035,suburban
2023-04-13 14:11:00 CDT,97.6,50.17669376688001,44.8313235,-93.7612035,suburban
2023-04-13 14:11:01 CDT,108.0,50.323141754800005,44.8310704,-93.7607616,suburban
2023-04-13 14:11:02 CDT,118.0,50.323141754800005,44.8310704,-93.7607616,suburban
2023-04-13 14:11:03 CDT,119.0,50.31201521524,44.8308141,-93.7603203,suburban
2023-04-13 14:11:04 CDT,121.0,50.31201521524,44.8308141,-93.7603203,suburban
2023-04-13 14:11:05 CDT,116.0,50.0498100562,44.8305629,-93.7598761,suburban
2023-04-13 14:11:06 CDT,126.0,50.0498100562,44.8305629,-93.7598761,suburban
2023-04-13 14:11:07 CDT,131.0,49.50434565884001,44.8303174,-93.7594312,suburban
2023-04-13 14:11:08 CDT,134.0,49.50434565884001,44.8303174,-93.7594312,suburban
2023-04-13 14:11:09 CDT,126.0,49.63181097392,44.8300931,-93.758971,suburban
2023-04-13 14:11:10 CDT,134.0,49.63181097392,44.8300931,-93.758971,suburban
2023-04-13 14:11:11 CDT,134.0,49.8170788186,44.8298961,-93.7584819,suburban
2023-04-13 14:11:12 CDT,135.0,49.8170788186,44.8298961,-93.7584819,suburban
2023-04-13 14:11:13 CDT,135.0,49.73995360128,44.8297335,-93.7579672,suburban
2023-04-13 14:11:14 CDT,129.0,49.73995360128,44.8297335,-93.7579672,suburban
2023-04-13 14:11:15 CDT,130.0,49.4655884364,44.8296017,-93.7574359,suburban
2023-04-13 14:11:16 CDT,126.0,49.4655884364,44.8296017,-93.7574359,suburban
2023-04-13 14:11:17 CDT,129.0,49.26406698568,44.8294954,-93.7568957,suburban
2023-04-13 14:11:18 CDT,135.0,49.26406698568,44.8294954,-93.7568957,suburban
2023-04-13 14:11:19 CDT,132.0,49.2281037013,44.8294167,-93.7563499,suburban
2023-04-13 14:11:20 CDT,132.0,49.2281037013,44.8294167,-93.7563499,suburban
2023-04-13 14:11:21 CDT,128.0,49.61694203374,44.8293673,-93.7557946,suburban
2023-04-13 14:11:22 CDT,122.0,49.61694203374,44.8293673,-93.7557946,suburban
2023-04-13 14:11:23 CDT,113.0,50.277373962400006,44.8293426,-93.7552305,suburban
2023-04-13 14:11:24 CDT,112.0,50.277373962400006,44.8293426,-93.7552305,suburban
2023-04-13 14:11:25 CDT,117.0,51.226872225620006,44.8293256,-93.7546555,suburban
2023-04-13 14:11:26 CDT,117.0,51.226872225620006,44.8293256,-93.7546555,suburban
2023-04-13 14:11:27 CDT,116.0,52.01407378102,44.8293024,-93.7540712,suburban
2023-04-13 14:11:28 CDT,38.3,52.01407378102,44.8293024,-93.7540712,suburban
2023-04-13 14:11:29 CDT,110.0,52.7562837622,44.8292732,-93.753478,suburban
2023-04-13 14:11:30 CDT,119.0,52.7562837622,44.8292732,-93.753478,suburban
2023-04-13 14:11:31 CDT,126.0,53.58109275288,44.8292486,-93.7528766,suburban
2023-04-13 14:11:32 CDT,128.0,53.58109275288,44.8292486,-93.7528766,suburban
2023-04-13 14:11:33 CDT,137.0,54.46887160456,44.8292233,-93.7522626,suburban
2023-04-13 14:11:34 CDT,132.0,54.46887160456,44.8292233,-93.7522626,suburban
2023-04-13 14:11:35 CDT,131.0,55.20702601352001,44.8291963,-93.7516427,suburban
2023-04-13 14:11:36 CDT,127.0,55.20702601352001,44.8291963,-93.7516427,suburban
2023-04-13 14:11:37 CDT,116.0,55.58762345900001,44.8291682,-93.7510152,suburban
2023-04-13 14:11:38 CDT,113.0,55.58762345900001,44.8291682,-93.7510152,suburban
2023-04-13 14:11:39 CDT,114.0,55.92297431910001,44.8291358,-93.7503861,suburban
2023-04-13 14:11:40 CDT,116.0,55.92297431910001,44.8291358,-93.7503861,suburban
2023-04-13 14:11:41 CDT,111.0,55.47596436196,44.829084,-93.7497592,suburban
2023-04-13 14:11:42 CDT,114.0,55.47596436196,44.829084,-93.7497592,suburban
2023-04-13 14:11:43 CDT,94.8,55.41682637918,44.829,-93.7491451,suburban
2023-04-13 14:11:44 CDT,83.2,55.41682637918,44.829,-93.7491451,suburban
2023-04-13 14:11:45 CDT,95.1,56.02280895130001,44.8288694,-93.7485407,suburban
2023-04-13 14:11:46 CDT,108.0,56.02280895130001,44.8288694,-93.7485407,suburban
2023-04-13 14:11:47 CDT,108.0,56.74565821678,44.8286994,-93.7479469,suburban
2023-04-13 14:11:48 CDT,115.0,56.74565821678,44.8286994,-93.7479469,suburban
2023-04-13 14:11:49 CDT,119.0,56.92305426960001,44.8284938,-93.7473669,suburban
2023-04-13 14:11:50 CDT,73.9,56.92305426960001,44.8284938,-93.7473669,suburban
2023-04-13 14:11:51 CDT,113.0,56.51326699406,44.828247,-93.7468221,suburban
2023-04-13 14:11:52 CDT,88.8,56.51326699406,44.828247,-93.7468221,suburban
2023-04-13 14:11:53 CDT,83.0,54.83486183184,44.8279632,-93.7463258,suburban
2023-04-13 14:11:54 CDT,110.0,54.83486183184,44.8279632,-93.7463258,suburban
2023-04-13 14:11:55 CDT,97.3,53.65048934250001,44.827664,-93.7458762,suburban
2023-04-13 14:11:56 CDT,108.0,53.65048934250001,44.827664,-93.7458762,suburban
2023-04-13 14:11:57 CDT,121.0,52.99678836630001,44.8273499,-93.7454641,suburban
2023-04-13 14:11:58 CDT,123.0,52.99678836630001,44.8273499,-93.7454641,suburban
2023-04-13 14:11:59 CDT,100.0,52.74372558104,44.8270181,-93.7450919,suburban
2023-04-13 14:12:00 CDT,103.0,52.74372558104,44.8270181,-93.7450919,suburban
2023-04-13 14:12:01 CDT,115.0,53.041108858520005,44.8266657,-93.7447548,suburban
2023-04-13 14:12:02 CDT,127.0,53.041108858520005,44.8266657,-93.7447548,suburban
2023-04-13 14:12:03 CDT,129.0,52.99953085474,44.8263056,-93.7444297,suburban
2023-04-13 14:12:04 CDT,119.0,52.99953085474,44.8263056,-93.7444297,suburban
2023-04-13 14:12:05 CDT,126.0,53.701323804,44.8259458,-93.7440988,suburban
2023-04-13 14:12:06 CDT,139.0,53.701323804,44.8259458,-93.7440988,suburban
2023-04-13 14:12:07 CDT,137.0,54.5384538602,44.8255852,-93.7437557,suburban
2023-04-13 14:12:08 CDT,137.0,54.5384538602,44.8255852,-93.7437557,suburban
2023-04-13 14:12:09 CDT,138.0,55.31782612560001,44.8252155,-93.7434141,suburban
2023-04-13 14:12:10 CDT,136.0,55.31782612560001,44.8252155,-93.7434141,suburban
2023-04-13 14:12:11 CDT,141.0,55.232310146340005,44.8248433,-93.7430708,suburban
2023-04-13 14:12:12 CDT,138.0,55.232310146340005,44.8248433,-93.7430708,suburban
2023-04-13 14:12:13 CDT,101.0,55.16497601540001,44.8244719,-93.7427274,suburban
2023-04-13 14:12:14 CDT,101.0,55.16497601540001,44.8244719,-93.7427274,suburban
2023-04-13 14:12:15 CDT,29.9,55.45341153288,44.8241007,-93.7423872,suburban
2023-04-13 14:12:16 CDT,108.0,55.45341153288,44.8241007,-93.7423872,suburban
2023-04-13 14:12:17 CDT,125.0,55.9452766109,44.8237259,-93.7420418,suburban
2023-04-13 14:12:18 CDT,130.0,55.9452766109,44.8237259,-93.7420418,suburban
2023-04-13 14:12:19 CDT,127.0,56.19164423474,44.8233497,-93.7416938,suburban
2023-04-13 14:12:20 CDT,90.6,56.19164423474,44.8233497,-93.7416938,suburban
2023-04-13 14:12:21 CDT,98.5,56.37064641048,44.8229707,-93.7413436,suburban
2023-04-13 14:12:22 CDT,37.8,56.37064641048,44.8229707,-93.7413436,suburban
2023-04-13 14:12:23 CDT,66.1,56.3264064481,44.8225916,-93.7409968,suburban
2023-04-13 14:12:24 CDT,111.0,56.3264064481,44.8225916,-93.7409968,suburban
2023-04-13 14:12:25 CDT,96.9,55.90832459904001,44.8222137,-93.7406488,suburban
2023-04-13 14:12:26 CDT,95.3,55.90832459904001,44.8222137,-93.7406488,suburban
2023-04-13 14:12:27 CDT,131.0,55.766730770920006,44.8218427,-93.7402952,suburban
2023-04-13 14:12:28 CDT,111.0,55.766730770920006,44.8218427,-93.7402952,suburban
2023-04-13 14:12:29 CDT,131.0,55.11770499932,44.8214896,-93.7399112,suburban
2023-04-13 14:12:30 CDT,135.0,55.11770499932,44.8214896,-93.7399112,suburban
2023-04-13 14:12:31 CDT,142.0,55.1631417246,44.8211956,-93.7394451,suburban
2023-04-13 14:12:32 CDT,140.0,55.1631417246,44.8211956,-93.7394451,suburban
2023-04-13 14:12:33 CDT,139.0,55.47764206696,44.8209552,-93.7389146,suburban
2023-04-13 14:12:34 CDT,141.0,55.47764206696,44.8209552,-93.7389146,suburban
2023-04-13 14:12:35 CDT,142.0,55.560936764800005,44.8207639,-93.7383469,suburban
2023-04-13 14:12:36 CDT,139.0,55.560936764800005,44.8207639,-93.7383469,suburban
2023-04-13 14:12:37 CDT,136.0,55.7816332652,44.8206294,-93.7377438,suburban
2023-04-13 14:12:38 CDT,136.0,55.7816332652,44.8206294,-93.7377438,suburban
2023-04-13 14:12:39 CDT,137.0,56.11871551686,44.8205248,-93.7371264,suburban
2023-04-13 14:12:40 CDT,137.0,56.11871551686,44.8205248,-93.7371264,suburban
2023-04-13 14:12:41 CDT,141.0,56.20475494008,44.8204082,-93.7365102,suburban
2023-04-13 14:12:42 CDT,142.0,56.20475494008,44.8204082,-93.7365102,suburban
2023-04-13 14:12:43 CDT,139.0,56.12624953078001,44.8202831,-93.7359,suburban
2023-04-13 14:12:44 CDT,140.0,56.12624953078001,44.8202831,-93.7359,suburban
2023-04-13 14:12:45 CDT,138.0,56.00024046364,44.8201605,-93.7352898,suburban
2023-04-13 14:12:46 CDT,139.0,56.00024046364,44.8201605,-93.7352898,suburban
2023-04-13 14:12:47 CDT,140.0,55.8565483858,44.8200438,-93.7346816,suburban
2023-04-13 14:12:48 CDT,140.0,55.8565483858,44.8200438,-93.7346816,suburban
2023-04-13 14:12:49 CDT,140.0,56.236336059,44.8199237,-93.7340709,suburban
2023-04-13 14:12:50 CDT,140.0,56.236336059,44.8199237,-93.7340709,suburban
2023-04-13 14:12:51 CDT,132.0,56.90714067844,44.8198046,-93.7334561,suburban
2023-04-13 14:12:52 CDT,124.0,56.90714067844,44.8198046,-93.7334561,suburban
2023-04-13 14:12:53 CDT,135.0,57.0418357836,44.8196847,-93.7328326,suburban
2023-04-13 14:12:54 CDT,127.0,57.0418357836,44.8196847,-93.7328326,suburban
2023-04-13 14:12:55 CDT,127.0,56.1707601629,44.8195717,-93.7322113,suburban
2023-04-13 14:12:56 CDT,124.0,56.1707601629,44.8195717,-93.7322113,suburban
2023-04-13 14:12:57 CDT,111.0,55.3869587563,44.8194632,-93.7315992,suburban
2023-04-13 14:12:58 CDT,107.0,55.3869587563,44.8194632,-93.7315992,suburban
2023-04-13 14:12:59 CDT,96.5,54.71589688876,44.8193487,-93.7309997,suburban
2023-04-13 14:13:00 CDT,100.0,54.71589688876,44.8193487,-93.7309997,suburban
2023-04-13 14:13:01 CDT,107.0,54.581727464500005,44.8192355,-93.7304032,suburban
2023-04-13 14:13:02 CDT,112.0,54.581727464500005,44.8192355,-93.7304032,suburban
2023-04-13 14:13:03 CDT,113.0,54.738004566780006,44.8191328,-93.729804,suburban
2023-04-13 14:13:04 CDT,112.0,54.738004566780006,44.8191328,-93.729804,suburban
2023-04-13 14:13:05 CDT,126.0,55.25256116416001,44.819045,-93.7291931,suburban
2023-04-13 14:13:06 CDT,133.0,55.25256116416001,44.819045,-93.7291931,suburban
2023-04-13 14:13:07 CDT,121.0,55.833827786220006,44.8189807,-93.7285715,suburban
2023-04-13 14:13:08 CDT,124.0,55.833827786220006,44.8189807,-93.7285715,suburban
2023-04-13 14:13:09 CDT,93.3,56.5718658743,44.8189357,-93.7279372,suburban
2023-04-13 14:13:10 CDT,99.1,56.5718658743,44.8189357,-93.7279372,suburban
2023-04-13 14:13:11 CDT,104.0,57.82426370904,44.818908,-93.7272918,suburban
2023-04-13 14:13:12 CDT,125.0,57.82426370904,44.818908,-93.7272918,suburban
2023-04-13 14:13:13 CDT,109.0,58.74129726204,44.8189007,-93.7266285,suburban
2023-04-13 14:13:14 CDT,115.0,58.74129726204,44.8189007,-93.7266285,suburban
2023-04-13 14:13:15 CDT,66.9,58.89839084742,44.8189107,-93.7259626,suburban
2023-04-13 14:13:16 CDT,78.9,58.89839084742,44.8189107,-93.7259626,suburban
2023-04-13 14:13:17 CDT,120.0,59.27854314184,44.818921,-93.7252951,suburban
2023-04-13 14:13:18 CDT,130.0,59.27854314184,44.818921,-93.7252951,suburban
2023-04-13 14:13:19 CDT,106.0,59.72593785266,44.8189266,-93.7246201,suburban
2023-04-13 14:13:20 CDT,110.0,59.72593785266,44.8189266,-93.7246201,suburban
2023-04-13 14:13:21 CDT,36.3,59.905063060100005,44.8189338,-93.723943,suburban
2023-04-13 14:13:22 CDT,58.2,59.905063060100005,44.8189338,-93.723943,suburban
2023-04-13 14:13:23 CDT,90.9,59.391137279800006,44.8189409,-93.7232665,suburban
2023-04-13 14:13:24 CDT,105.0,59.391137279800006,44.8189409,-93.7232665,suburban
2023-04-13 14:13:25 CDT,109.0,57.71430916028,44.8189474,-93.7226048,suburban
2023-04-13 14:13:26 CDT,76.0,57.71430916028,44.8189474,-93.7226048,suburban
2023-04-13 14:13:27 CDT,44.7,56.26061133188,44.8189529,-93.7219611,suburban
2023-04-13 14:13:28 CDT,116.0,56.26061133188,44.8189529,-93.7219611,suburban
2023-04-13 14:13:29 CDT,119.0,55.45435104768001,44.818959,-93.721334,suburban
2023-04-13 14:13:30 CDT,120.0,55.45435104768001,44.818959,-93.721334,suburban
2023-04-13 14:13:31 CDT,83.7,54.492469084620005,44.8189657,-93.7207124,suburban
2023-04-13 14:13:32 CDT,74.9,54.492469084620005,44.8189657,-93.7207124,suburban
2023-04-13 14:13:33 CDT,32.9,53.281418848840005,44.818972,-93.7201024,suburban
2023-04-13 14:13:34 CDT,116.0,53.281418848840005,44.818972,-93.7201024,suburban
2023-04-13 14:13:35 CDT,121.0,52.315494735200005,44.818978,-93.7195054,suburban
2023-04-13 14:13:36 CDT,118.0,52.315494735200005,44.818978,-93.7195054,suburban
2023-04-13 14:13:37 CDT,116.0,51.3523019253,44.8189821,-93.7189209,suburban
2023-04-13 14:13:38 CDT,121.0,51.3523019253,44.8189821,-93.7189209,suburban
2023-04-13 14:13:39 CDT,124.0,50.5066603124,44.8189818,-93.7183462,suburban
2023-04-13 14:13:40 CDT,126.0,50.5066603124,44.8189818,-93.7183462,suburban
2023-04-13 14:13:41 CDT,115.0,49.762072464,44.8189725,-93.7177812,suburban
2023-04-13 14:13:42 CDT,120.0,49.762072464,44.8189725,-93.7177812,suburban
2023-04-13 14:13:43 CDT,128.0,49.123567021220005,44.8189564,-93.7172327,suburban
2023-04-13 14:13:44 CDT,132.0,49.123567021220005,44.8189564,-93.7172327,suburban
2023-04-13 14:13:45 CDT,125.0,48.653744749960005,44.8189448,-93.716678,suburban
2023-04-13 14:13:46 CDT,132.0,48.653744749960005,44.8189448,-93.716678,suburban
2023-04-13 14:13:47 CDT,128.0,48.876998072780005,44.8189357,-93.7161255,suburban
2023-04-13 14:13:48 CDT,141.0,48.876998072780005,44.8189357,-93.7161255,suburban
2023-04-13 14:13:49 CDT,142.0,49.50297217768,44.8189258,-93.7155701,suburban
2023-04-13 14:13:50 CDT,134.0,49.50297217768,44.8189258,-93.7155701,suburban
2023-04-13 14:13:51 CDT,132.0,50.24119593178,44.8189192,-93.7150117,suburban
2023-04-13 14:13:52 CDT,136.0,50.24119593178,44.8189192,-93.7150117,suburban
2023-04-13 14:13:53 CDT,125.0,51.4040087934,44.8189187,-93.7144306,suburban
2023-04-13 14:13:54 CDT,128.0,51.4040087934,44.8189187,-93.7144306,suburban
2023-04-13 14:13:55 CDT,127.0,52.567195224,44.8189225,-93.7138378,suburban
2023-04-13 14:13:56 CDT,107.0,52.567195224,44.8189225,-93.7138378,suburban
2023-04-13 14:13:57 CDT,114.0,52.36682803432001,44.8189338,-93.7132423,suburban
2023-04-13 14:13:58 CDT,114.0,52.36682803432001,44.8189338,-93.7132423,suburban
2023-04-13 14:13:59 CDT,111.0,52.74685729704,44.8189472,-93.7126552,suburban
2023-04-13 14:14:00 CDT,116.0,52.74685729704,44.8189472,-93.7126552,suburban
2023-04-13 14:14:01 CDT,108.0,53.97657479712,44.8189611,-93.7120461,suburban
2023-04-13 14:14:02 CDT,114.0,53.97657479712,44.8189611,-93.7120461,suburban
2023-04-13 14:14:03 CDT,111.0,55.54238358444,44.8189748,-93.7114309,suburban
2023-04-13 14:14:04 CDT,114.0,55.54238358444,44.8189748,-93.7114309,suburban
2023-04-13 14:14:05 CDT,107.0,56.86223858182,44.8189889,-93.7107879,suburban
2023-04-13 14:14:06 CDT,112.0,56.86223858182,44.8189889,-93.7107879,suburban
2023-04-13 14:14:07 CDT,112.0,57.55612394818,44.8190028,-93.7101445,suburban
2023-04-13 14:14:08 CDT,126.0,57.55612394818,44.8190028,-93.7101445,suburban
2023-04-13 14:14:09 CDT,128.0,57.355260157820005,44.8190146,-93.7094871,suburban
2023-04-13 14:14:10 CDT,130.0,57.355260157820005,44.8190146,-93.7094871,suburban
2023-04-13 14:14:11 CDT,134.0,57.2456210176,44.8190235,-93.7088427,suburban
2023-04-13 14:14:12 CDT,132.0,57.2456210176,44.8190235,-93.7088427,suburban
2023-04-13 14:14:13 CDT,136.0,56.89056942692,44.8190307,-93.7081931,suburban
2023-04-13 14:14:14 CDT,134.0,56.89056942692,44.8190307,-93.7081931,suburban
2023-04-13 14:14:15 CDT,111.0,56.013445120460005,44.8190438,-93.7075604,suburban
2023-04-13 14:14:16 CDT,118.0,56.013445120460005,44.8190438,-93.7075604,suburban
2023-04-13 14:14:17 CDT,118.0,55.722363302960005,44.8190565,-93.7069247,suburban
2023-04-13 14:14:18 CDT,97.3,55.722363302960005,44.8190565,-93.7069247,suburban
2023-04-13 14:14:19 CDT,61.9,55.52095593618,44.8190694,-93.7063017,suburban
2023-04-13 14:14:20 CDT,126.0,55.52095593618,44.8190694,-93.7063017,suburban
2023-04-13 14:14:21 CDT,130.0,55.76665024108,44.8190877,-93.7056685,suburban
2023-04-13 14:14:22 CDT,127.0,55.76665024108,44.8190877,-93.7056685,suburban
2023-04-13 14:14:23 CDT,129.0,56.5044445027,44.8191175,-93.7050408,suburban
2023-04-13 14:14:24 CDT,135.0,56.5044445027,44.8191175,-93.7050408,suburban
2023-04-13 14:14:25 CDT,106.0,56.9969068437,44.8191557,-93.7043946,suburban
2023-04-13 14:14:26 CDT,118.0,56.9969068437,44.8191557,-93.7043946,suburban
2023-04-13 14:14:27 CDT,128.0,57.556128422060006,44.8191937,-93.7037482,suburban
2023-04-13 14:14:28 CDT,125.0,57.556128422060006,44.8191937,-93.7037482,suburban
2023-04-13 14:14:29 CDT,134.0,58.27191343102,44.8192266,-93.7030925,suburban
2023-04-13 14:14:30 CDT,116.0,58.27191343102,44.8192266,-93.7030925,suburban
2023-04-13 14:14:31 CDT,130.0,59.211300725440005,44.8192508,-93.7024285,suburban
2023-04-13 14:14:32 CDT,131.0,59.211300725440005,44.8192508,-93.7024285,suburban
2023-04-13 14:14:33 CDT,106.0,60.37431043778,44.8192656,-93.7017503,suburban
2023-04-13 14:14:34 CDT,102.0,60.37431043778,44.8192656,-93.7017503,suburban
2023-04-13 14:14:35 CDT,104.0,60.44209419366,44.8192748,-93.7010658,suburban
2023-04-13 14:14:36 CDT,117.0,60.44209419366,44.8192748,-93.7010658,suburban
2023-04-13 14:14:37 CDT,122.0,59.5703161738,44.819282,-93.700385,suburban
2023-04-13 14:14:38 CDT,115.0,59.5703161738,44.819282,-93.700385,suburban
2023-04-13 14:14:39 CDT,125.0,58.74288101556,44.8192893,-93.6997188,suburban
2023-04-13 14:14:40 CDT,116.0,58.74288101556,44.8192893,-93.6997188,suburban
2023-04-13 14:14:41 CDT,108.0,58.2283982372,44.8192953,-93.6990572,suburban
2023-04-13 14:14:42 CDT,120.0,58.2283982372,44.8192953,-93.6990572,suburban
2023-04-13 14:14:43 CDT,118.0,57.42285153686001,44.8193027,-93.6984053,suburban
2023-04-13 14:14:44 CDT,103.0,57.42285153686001,44.8193027,-93.6984053,suburban
2023-04-13 14:14:45 CDT,71.8,56.84101673204,44.8193088,-93.6977597,suburban
2023-04-13 14:14:46 CDT,85.0,56.84101673204,44.8193088,-93.6977597,suburban
2023-04-13 14:14:47 CDT,68.2,56.37118774996,44.8193136,-93.6971208,suburban
2023-04-13 14:14:48 CDT,66.5,56.37118774996,44.8193136,-93.6971208,suburban
2023-04-13 14:14:49 CDT,61.7,55.677917542100005,44.8193176,-93.696487,suburban
2023-04-13 14:14:50 CDT,56.1,55.677917542100005,44.8193176,-93.696487,suburban
2023-04-13 14:14:51 CDT,51.0,55.18576166188,44.8193174,-93.6958629,suburban
2023-04-13 14:14:52 CDT,38.4,55.18576166188,44.8193174,-93.6958629,suburban
2023-04-13 14:14:53 CDT,44.3,55.02857188808,44.8192988,-93.6952408,suburban
2023-04-13 14:14:54 CDT,42.9,55.02857188808,44.8192988,-93.6952408,suburban
2023-04-13 14:14:55 CDT,43.2,55.02810213068,44.8192506,-93.6946243,suburban
2023-04-13 14:14:56 CDT,40.8,55.02810213068,44.8192506,-93.6946243,suburban
2023-04-13 14:14:57 CDT,71.4,55.25158809526,44.8191744,-93.6940096,suburban
2023-04-13 14:14:58 CDT,90.7,55.25158809526,44.8191744,-93.6940096,suburban
2023-04-13 14:14:59 CDT,69.5,55.74345317328,44.819074,-93.6933998,suburban
2023-04-13 14:15:00 CDT,51.8,55.74345317328,44.819074,-93.6933998,suburban
2023-04-13 14:15:01 CDT,55.4,55.67565599576,44.8189436,-93.6927945,suburban
2023-04-13 14:15:02 CDT,45.3,55.67565599576,44.8189436,-93.6927945,suburban
2023-04-13 14:15:03 CDT,43.8,55.31887748740001,44.8187853,-93.6922078,suburban
2023-04-13 14:15:04 CDT,52.2,55.31887748740001,44.8187853,-93.6922078,suburban
2023-04-13 14:15:05 CDT,45.1,55.60932625088,44.818609,-93.6916309,suburban
2023-04-13 14:15:06 CDT,49.0,55.60932625088,44.818609,-93.6916309,suburban
2023-04-13 14:15:07 CDT,44.2,55.58700830050001,44.8184131,-93.6910669,suburban
2023-04-13 14:15:08 CDT,47.0,55.58700830050001,44.8184131,-93.6910669,suburban
2023-04-13 14:15:09 CDT,50.3,54.938799012,44.818193,-93.690522,suburban
2023-04-13 14:15:10 CDT,49.4,54.938799012,44.818193,-93.690522,suburban
2023-04-13 14:15:11 CDT,52.4,54.31335729882,44.8179624,-93.6899977,suburban
2023-04-13 14:15:12 CDT,54.5,54.31335729882,44.8179624,-93.6899977,suburban
2023-04-13 14:15:13 CDT,67.6,53.88871674168,44.8177368,-93.6894742,suburban
2023-04-13 14:15:14 CDT,65.0,53.88871674168,44.8177368,-93.6894742,suburban
2023-04-13 14:15:15 CDT,68.2,53.91047993094,44.8175214,-93.6889475,suburban
2023-04-13 14:15:16 CDT,67.0,53.91047993094,44.8175214,-93.6889475,suburban
2023-04-13 14:15:17 CDT,66.6,54.49080927514,44.8173024,-93.6884167,suburban
2023-04-13 14:15:18 CDT,64.9,54.49080927514,44.8173024,-93.6884167,suburban
2023-04-13 14:15:19 CDT,65.9,54.87143132696,44.8170761,-93.6878875,suburban
2023-04-13 14:15:20 CDT,75.8,54.87143132696,44.8170761,-93.6878875,suburban
2023-04-13 14:15:21 CDT,86.0,55.2743064579,44.8168451,-93.6873539,suburban
2023-04-13 14:15:22 CDT,91.6,55.2743064579,44.8168451,-93.6873539,suburban
2023-04-13 14:15:23 CDT,62.0,56.36926845544001,44.8166055,-93.6868213,suburban
2023-04-13 14:15:24 CDT,55.8,56.36926845544001,44.8166055,-93.6868213,suburban
2023-04-13 14:15:25 CDT,97.5,57.75448236574,44.8163385,-93.6862939,suburban
2023-04-13 14:15:26 CDT,97.6,57.75448236574,44.8163385,-93.6862939,suburban
2023-04-13 14:15:27 CDT,101.0,57.98073318816001,44.8160442,-93.6857836,suburban
2023-04-13 14:15:28 CDT,121.0,57.98073318816001,44.8160442,-93.6857836,suburban
2023-04-13 14:15:29 CDT,88.0,57.08659024218,44.8157333,-93.6852967,suburban
2023-04-13 14:15:30 CDT,99.7,57.08659024218,44.8157333,-93.6852967,suburban
2023-04-13 14:15:31 CDT,97.9,56.41462017700001,44.815405,-93.6848508,suburban
2023-04-13 14:15:32 CDT,104.0,56.41462017700001,44.815405,-93.6848508,suburban
2023-04-13 14:15:33 CDT,113.0,55.639307957700005,44.8150628,-93.68444,suburban
2023-04-13 14:15:34 CDT,104.0,55.639307957700005,44.8150628,-93.68444,suburban
2023-04-13 14:15:35 CDT,108.0,55.24402276418,44.8147176,-93.6840452,suburban
2023-04-13 14:15:36 CDT,75.2,55.24402276418,44.8147176,-93.6840452,suburban
2023-04-13 14:15:37 CDT,18.0,55.22793245476,44.8143744,-93.6836523,suburban
2023-04-13 14:15:38 CDT,66.2,55.22793245476,44.8143744,-93.6836523,suburban
2023-04-13 14:15:39 CDT,65.3,55.699313873200005,44.8140306,-93.683255,suburban
2023-04-13 14:15:40 CDT,67.5,55.699313873200005,44.8140306,-93.683255,suburban
2023-04-13 14:15:41 CDT,37.4,56.28064312958,44.8136824,-93.6828558,suburban
2023-04-13 14:15:42 CDT,99.5,56.28064312958,44.8136824,-93.6828558,suburban
2023-04-13 14:15:43 CDT,96.4,56.81754452062,44.8133372,-93.6824509,suburban
2023-04-13 14:15:44 CDT,115.0,56.81754452062,44.8133372,-93.6824509,suburban
2023-04-13 14:15:45 CDT,111.0,56.70656992722,44.812986,-93.6820327,suburban
2023-04-13 14:15:46 CDT,48.0,56.70656992722,44.812986,-93.6820327,suburban
2023-04-13 14:15:47 CDT,85.2,56.10316430998001,44.8126394,-93.6816187,suburban
2023-04-13 14:15:48 CDT,99.9,56.10316430998001,44.8126394,-93.6816187,suburban
2023-04-13 14:15:49 CDT,115.0,55.298174607700005,44.8123178,-93.6811827,suburban
2023-04-13 14:15:50 CDT,107.0,55.298174607700005,44.8123178,-93.6811827,suburban
2023-04-13 14:15:51 CDT,61.7,54.985439211,44.8120526,-93.6806937,suburban
2023-04-13 14:15:52 CDT,87.8,54.985439211,44.8120526,-93.6806937,suburban
2023-04-13 14:15:53 CDT,31.5,54.91911170306,44.8118408,-93.6801417,suburban
2023-04-13 14:15:54 CDT,126.0,54.91911170306,44.8118408,-93.6801417,suburban
2023-04-13 14:15:55 CDT,129.0,55.15948432770001,44.8116837,-93.6795647,suburban
2023-04-13 14:15:56 CDT,128.0,55.15948432770001,44.8116837,-93.6795647,suburban
2023-04-13 14:15:57 CDT,87.8,55.1964273918,44.8115785,-93.6789528,suburban
2023-04-13 14:15:58 CDT,132.0,55.1964273918,44.8115785,-93.6789528,suburban
2023-04-13 14:15:59 CDT,136.0,55.5446294722,44.8115437,-93.6783303,suburban
2023-04-13 14:16:00 CDT,116.0,55.5446294722,44.8115437,-93.6783303,suburban
2023-04-13 14:16:01 CDT,128.0,56.25738119052,44.8115957,-93.6776886,suburban
2023-04-13 14:16:02 CDT,122.0,56.25738119052,44.8115957,-93.6776886,suburban
2023-04-13 14:16:03 CDT,130.0,57.6228250251,44.8116468,-93.6770507,suburban
2023-04-13 14:16:04 CDT,129.0,57.6228250251,44.8116468,-93.6770507,suburban
2023-04-13 14:16:05 CDT,110.0,58.96492415384,44.811688,-93.6763854,suburban
2023-04-13 14:16:06 CDT,71.6,58.96492415384,44.811688,-93.6763854,suburban
2023-04-13 14:16:07 CDT,93.3,59.47994827168,44.8117273,-93.6757211,suburban
2023-04-13 14:16:08 CDT,111.0,59.47994827168,44.8117273,-93.6757211,suburban
2023-04-13 14:16:09 CDT,99.6,59.793298826880005,44.8117607,-93.6750414,suburban
2023-04-13 14:16:10 CDT,91.1,59.793298826880005,44.8117607,-93.6750414,suburban
2023-04-13 14:16:11 CDT,68.2,60.0163284557,44.8117833,-93.6743692,suburban
2023-04-13 14:16:12 CDT,106.0,60.0163284557,44.8117833,-93.6743692,suburban
2023-04-13 14:16:13 CDT,94.6,59.502979805920006,44.8117968,-93.6736864,suburban
2023-04-13 14:16:14 CDT,105.0,59.502979805920006,44.8117968,-93.6736864,suburban
2023-04-13 14:16:15 CDT,109.0,59.45790770186,44.8118009,-93.6730204,suburban
2023-04-13 14:16:16 CDT,112.0,59.45790770186,44.8118009,-93.6730204,suburban
2023-04-13 14:16:17 CDT,111.0,59.3238948634,44.8117986,-93.6723434,suburban
2023-04-13 14:16:18 CDT,107.0,59.3238948634,44.8117986,-93.6723434,suburban
2023-04-13 14:16:19 CDT,90.0,59.81531031648001,44.8117862,-93.6716771,suburban
2023-04-13 14:16:20 CDT,114.0,59.81531031648001,44.8117862,-93.6716771,suburban
2023-04-13 14:16:21 CDT,115.0,60.5563369564,44.8117566,-93.6709931,suburban
2023-04-13 14:16:22 CDT,108.0,60.5563369564,44.8117566,-93.6709931,suburban
2023-04-13 14:16:23 CDT,117.0,61.419348408400005,44.8117059,-93.6703103,suburban
2023-04-13 14:16:24 CDT,92.2,61.419348408400005,44.8117059,-93.6703103,suburban
2023-04-13 14:16:25 CDT,103.0,61.9682487456,44.8116314,-93.6696145,suburban
2023-04-13 14:16:26 CDT,110.0,61.9682487456,44.8116314,-93.6696145,suburban
2023-04-13 14:16:27 CDT,119.0,61.78365421986,44.8115361,-93.6689305,suburban
2023-04-13 14:16:28 CDT,117.0,61.78365421986,44.8115361,-93.6689305,suburban
2023-04-13 14:16:29 CDT,108.0,60.95659263060001,44.8114226,-93.668249,suburban
2023-04-13 14:16:30 CDT,109.0,60.95659263060001,44.8114226,-93.668249,suburban
2023-04-13 14:16:31 CDT,120.0,59.57004326712,44.8112961,-93.6675978,suburban
2023-04-13 14:16:32 CDT,122.0,59.57004326712,44.8112961,-93.6675978,suburban
2023-04-13 14:16:33 CDT,94.1,57.64653882604,44.8111519,-93.6669615,suburban
2023-04-13 14:16:34 CDT,113.0,57.64653882604,44.8111519,-93.6669615,suburban
2023-04-13 14:16:35 CDT,109.0,56.23767374912,44.810997,-93.6663579,suburban
2023-04-13 14:16:36 CDT,120.0,56.23767374912,44.810997,-93.6663579,suburban
2023-04-13 14:16:37 CDT,106.0,55.24406526604,44.8108439,-93.6657654,suburban
2023-04-13 14:16:38 CDT,109.0,55.24406526604,44.8108439,-93.6657654,suburban
2023-04-13 14:16:39 CDT,106.0,54.57387804204,44.8106905,-93.6651861,suburban
2023-04-13 14:16:40 CDT,114.0,54.57387804204,44.8106905,-93.6651861,suburban
2023-04-13 14:16:41 CDT,109.0,54.4722292515,44.8105385,-93.6646101,suburban
2023-04-13 14:16:42 CDT,115.0,54.4722292515,44.8105385,-93.6646101,suburban
2023-04-13 14:16:43 CDT,118.0,54.42451532130001,44.8103815,-93.6640398,suburban
2023-04-13 14:16:44 CDT,117.0,54.42451532130001,44.8103815,-93.6640398,suburban
2023-04-13 14:16:45 CDT,108.0,53.35204799240001,44.8102223,-93.6634728,suburban
2023-04-13 14:16:46 CDT,112.0,53.35204799240001,44.8102223,-93.6634728,suburban
2023-04-13 14:16:47 CDT,116.0,51.864603687160006,44.8100685,-93.6629193,suburban
2023-04-13 14:16:48 CDT,86.3,51.864603687160006,44.8100685,-93.6629193,suburban
2023-04-13 14:16:49 CDT,93.7,51.113877675400005,44.8099091,-93.6623842,suburban
2023-04-13 14:16:50 CDT,110.0,51.113877675400005,44.8099091,-93.6623842,suburban
2023-04-13 14:16:51 CDT,118.0,50.91938021628,44.8097277,-93.6618702,suburban
2023-04-13 14:16:52 CDT,124.0,50.91938021628,44.8097277,-93.6618702,suburban
2023-04-13 14:16:53 CDT,118.0,51.1072787024,44.8095247,-93.6613702,suburban
2023-04-13 14:16:54 CDT,105.0,51.1072787024,44.8095247,-93.6613702,suburban
2023-04-13 14:16:55 CDT,110.0,51.12967494568,44.8093068,-93.6608806,suburban
2023-04-13 14:16:56 CDT,113.0,51.12967494568,44.8093068,-93.6608806,suburban
2023-04-13 14:16:57 CDT,119.0,51.5852233028,44.8090842,-93.660391,suburban
2023-04-13 14:16:58 CDT,120.0,51.5852233028,44.8090842,-93.660391,suburban
2023-04-13 14:16:59 CDT,131.0,51.979278179320005,44.8088615,-93.6598961,suburban
2023-04-13 14:17:00 CDT,132.0,51.979278179320005,44.8088615,-93.6598961,suburban
2023-04-13 14:17:01 CDT,123.0,52.23587309284001,44.8086565,-93.6593816,suburban
2023-04-13 14:17:02 CDT,119.0,52.05342826644001,44.808747,-93.6596201,suburban
2023-04-13 14:17:03 CDT,134.0,52.23587309284001,44.8086565,-93.6593816,suburban
2023-04-13 14:17:04 CDT,116.0,52.6740314784,44.8084887,-93.6588389,suburban
2023-04-13 14:17:05 CDT,94.9,52.6740314784,44.8084887,-93.6588389,suburban
2023-04-13 14:17:06 CDT,133.0,54.04168317276,44.8083471,-93.6582697,suburban
2023-04-13 14:17:07 CDT,129.0,54.04168317276,44.8083471,-93.6582697,suburban
2023-04-13 14:17:08 CDT,124.0,54.95977703532001,44.8082382,-93.6576715,suburban
2023-04-13 14:17:09 CDT,133.0,54.95977703532001,44.8082382,-93.6576715,suburban
2023-04-13 14:17:10 CDT,131.0,56.004667367900005,44.8081694,-93.6570476,suburban
2023-04-13 14:17:11 CDT,131.0,56.004667367900005,44.8081694,-93.6570476,suburban
2023-04-13 14:17:12 CDT,112.0,57.10607622652,44.8081152,-93.6564101,suburban
2023-04-13 14:17:13 CDT,70.0,57.10607622652,44.8081152,-93.6564101,suburban
2023-04-13 14:17:14 CDT,18.7,58.04778322772,44.8080544,-93.655759,suburban
2023-04-13 14:17:15 CDT,46.3,58.04778322772,44.8080544,-93.655759,suburban
2023-04-13 14:17:16 CDT,3.35,58.45103192764,44.8079904,-93.6551049,suburban
2023-04-13 14:17:17 CDT,2.53,58.45103192764,44.8079904,-93.6551049,suburban
2023-04-13 14:17:18 CDT,1.73,58.49575506906001,44.8079238,-93.6544488,suburban
2023-04-13 14:17:19 CDT,12.4,58.49575506906001,44.8079238,-93.6544488,suburban
2023-04-13 14:17:20 CDT,16.9,52.0845194955,44.8078561,-93.6538184,suburban
2023-04-13 14:17:21 CDT,37.3,52.0845194955,44.8078561,-93.6538184,suburban
2023-04-13 14:17:22 CDT,44.3,40.37498192188001,44.8078005,-93.6532918,suburban
2023-04-13 14:17:23 CDT,37.6,40.37498192188001,44.8078005,-93.6532918,suburban
2023-04-13 14:17:24 CDT,25.5,26.6527821896,44.8077617,-93.6529209,suburban
2023-04-13 14:17:25 CDT,92.9,26.6527821896,44.8077617,-93.6529209,suburban
2023-04-13 14:17:26 CDT,99.5,13.923086786816,44.8077427,-93.6527429,suburban
2023-04-13 14:17:27 CDT,112.0,13.923086786816,44.8077427,-93.6527429,suburban
2023-04-13 14:17:28 CDT,133.0,4.057607388012,44.807735,-93.6526708,suburban
2023-04-13 14:17:29 CDT,120.0,4.057607388012,44.807735,-93.6526708,suburban
2023-04-13 14:17:30 CDT,126.0,4.042032245874,44.807735,-93.6526728,suburban
2023-04-13 14:17:31 CDT,125.0,4.042032245874,44.807735,-93.6526728,suburban
2023-04-13 14:17:32 CDT,131.0,0.0616206730084,44.8077358,-93.6526828,suburban
2023-04-13 14:17:33 CDT,136.0,0.0616206730084,44.8077358,-93.6526828,suburban
2023-04-13 14:17:34 CDT,133.0,0.190200856615,44.8077361,-93.6526857,suburban
2023-04-13 14:17:35 CDT,131.0,0.190200856615,44.8077361,-93.6526857,suburban
2023-04-13 14:17:36 CDT,138.0,0.03025803825514,44.8077361,-93.6526859,suburban
2023-04-13 14:17:37 CDT,129.0,0.03025803825514,44.8077361,-93.6526859,suburban
2023-04-13 14:17:38 CDT,136.0,0.0004334002799636,44.8077361,-93.6526858,suburban
2023-04-13 14:17:39 CDT,138.0,0.0004334002799636,44.8077361,-93.6526858,suburban
2023-04-13 14:17:40 CDT,138.0,0.0007193901509416,44.8077361,-93.6526858,suburban
2023-04-13 14:17:41 CDT,137.0,0.0007193901509416,44.8077361,-93.6526858,suburban
2023-04-13 14:17:42 CDT,131.0,0.2661437616674,44.8077364,-93.6526806,suburban
2023-04-13 14:17:43 CDT,134.0,0.2661437616674,44.8077364,-93.6526806,suburban
2023-04-13 14:17:44 CDT,136.0,0.26071792053324,44.8077365,-93.6526791,suburban
2023-04-13 14:17:45 CDT,136.0,0.26071792053324,44.8077365,-93.6526791,suburban
2023-04-13 14:17:46 CDT,136.0,0.02519956977718,44.8077365,-93.6526796,suburban
2023-04-13 14:17:47 CDT,132.0,0.02519956977718,44.8077365,-93.6526796,suburban
2023-04-13 14:17:48 CDT,138.0,0.0010912644699364,44.8077365,-93.6526797,suburban
2023-04-13 14:17:49 CDT,133.0,0.0010912644699364,44.8077365,-93.6526797,suburban
2023-04-13 14:17:50 CDT,139.0,0.0010130306698912,44.8077365,-93.6526797,suburban
2023-04-13 14:17:51 CDT,134.0,0.0010130306698912,44.8077365,-93.6526797,suburban
2023-04-13 14:17:52 CDT,129.0,0.0001895160398034,44.8077365,-93.6526797,suburban
2023-04-13 14:17:53 CDT,134.0,0.0001895160398034,44.8077365,-93.6526797,suburban
2023-04-13 14:17:54 CDT,136.0,0.0001156097120352,44.8077365,-93.6526797,suburban
2023-04-13 14:17:55 CDT,136.0,0.0001156097120352,44.8077365,-93.6526797,suburban
2023-04-13 14:17:56 CDT,137.0,9.1238631015e-06,44.8077365,-93.6526797,suburban
2023-04-13 14:17:57 CDT,135.0,9.1238631015e-06,44.8077365,-93.6526797,suburban
2023-04-13 14:17:58 CDT,141.0,1.8865073101402e-06,44.8077365,-93.6526797,suburban
2023-04-13 14:17:59 CDT,136.0,1.8865073101402e-06,44.8077365,-93.6526797,suburban
2023-04-13 14:18:00 CDT,128.0,1.4254268438144e-07,44.8077365,-93.6526797,suburban
2023-04-13 14:18:01 CDT,130.0,1.4254268438144e-07,44.8077365,-93.6526797,suburban
2023-04-13 14:18:02 CDT,139.0,2.286060518072e-08,44.8077365,-93.6526797,suburban
2023-04-13 14:18:03 CDT,138.0,2.286060518072e-08,44.8077365,-93.6526797,suburban
2023-04-13 14:18:04 CDT,140.0,2.052293800946e-08,44.8077365,-93.6526797,suburban
2023-04-13 14:18:05 CDT,141.0,2.052293800946e-08,44.8077365,-93.6526797,suburban
2023-04-13 14:18:06 CDT,143.0,2.5370286327160006e-09,44.8077365,-93.6526797,suburban
2023-04-13 14:18:07 CDT,138.0,2.5370286327160006e-09,44.8077365,-93.6526797,suburban
2023-04-13 14:18:08 CDT,141.0,1.412127206522e-10,44.8077365,-93.6526797,suburban
2023-04-13 14:18:09 CDT,140.0,1.412127206522e-10,44.8077365,-93.6526797,suburban
2023-04-13 14:18:10 CDT,142.0,5.229899506576e-11,44.8077365,-93.6526797,suburban
2023-04-13 14:18:11 CDT,126.0,5.229899506576e-11,44.8077365,-93.6526797,suburban
2023-04-13 14:18:12 CDT,104.0,2.57181998423,44.8077354,-93.6526619,suburban
2023-04-13 14:18:13 CDT,121.0,2.57181998423,44.8077354,-93.6526619,suburban
2023-04-13 14:18:14 CDT,125.0,2.5713099619100004,44.8077333,-93.6526461,suburban
2023-04-13 14:18:15 CDT,130.0,2.5713099619100004,44.8077333,-93.6526461,suburban
2023-04-13 14:18:16 CDT,141.0,12.859741475542,44.807714,-93.6524837,suburban
2023-04-13 14:18:17 CDT,138.0,12.859741475542,44.807714,-93.6524837,suburban
2023-04-13 14:18:18 CDT,138.0,18.204443650940004,44.8076914,-93.6522929,suburban
2023-04-13 14:18:19 CDT,132.0,18.204443650940004,44.8076914,-93.6522929,suburban
2023-04-13 14:18:20 CDT,134.0,21.52670667402,44.8076699,-93.6520692,suburban
2023-04-13 14:18:21 CDT,139.0,21.52670667402,44.8076699,-93.6520692,suburban
2023-04-13 14:44:40 CDT,102.0,0.8398668180736001,44.8065925,-93.6437263,suburban
2023-04-13 14:44:41 CDT,119.0,1.090389021098,44.8065968,-93.6437425,suburban
2023-04-13 14:44:42 CDT,122.0,1.090389021098,44.8065968,-93.6437425,suburban
2023-04-13 14:44:43 CDT,123.0,0.4202629326682,44.8065981,-93.6437501,suburban
2023-04-13 14:44:44 CDT,131.0,0.4202629326682,44.8065981,-93.6437501,suburban
2023-04-13 14:44:45 CDT,143.0,0.4472488175932,44.8065925,-93.6437462,suburban
2023-04-13 14:44:46 CDT,139.0,0.4472488175932,44.8065925,-93.6437462,suburban
2023-04-13 14:44:47 CDT,139.0,0.4124861883888,44.8065901,-93.6437447,suburban
2023-04-13 14:44:48 CDT,139.0,0.4124861883888,44.8065901,-93.6437447,suburban
2023-04-13 14:44:49 CDT,140.0,0.073914313644,44.8065895,-93.6437454,suburban
2023-04-13 14:44:50 CDT,141.0,0.073914313644,44.8065895,-93.6437454,suburban
2023-04-13 14:44:51 CDT,136.0,4.695250714116,44.8065749,-93.6437113,suburban
2023-04-13 14:44:52 CDT,139.0,4.695250714116,44.8065749,-93.6437113,suburban
2023-04-13 14:44:53 CDT,131.0,11.80400578676,44.8065605,-93.6436207,suburban
2023-04-13 14:44:54 CDT,117.0,11.80400578676,44.8065605,-93.6436207,suburban
2023-04-13 14:44:55 CDT,44.3,20.00236851736,44.8065457,-93.6434874,suburban
2023-04-13 14:44:56 CDT,62.1,20.00236851736,44.8065457,-93.6434874,suburban
2023-04-13 14:44:57 CDT,102.0,29.17870575738,44.8065067,-93.6431687,suburban
2023-04-13 14:44:58 CDT,112.0,29.17870575738,44.8065067,-93.6431687,suburban
2023-04-13 14:44:59 CDT,100.0,35.51709985372,44.8064534,-93.6427897,suburban
2023-04-13 14:45:00 CDT,113.0,35.51709985372,44.8064534,-93.6427897,suburban
2023-04-13 14:45:01 CDT,99.8,41.22115145262,44.8063783,-93.6423599,suburban
2023-04-13 14:45:02 CDT,83.9,41.22115145262,44.8063783,-93.6423599,suburban
2023-04-13 14:45:03 CDT,90.6,46.65829808154,44.8062899,-93.6418669,suburban
2023-04-13 14:45:04 CDT,104.0,46.65829808154,44.8062899,-93.6418669,suburban
2023-04-13 14:45:05 CDT,120.0,48.69673873676,44.8062036,-93.6413322,suburban
2023-04-13 14:45:06 CDT,130.0,48.69673873676,44.8062036,-93.6413322,suburban
2023-04-13 14:45:07 CDT,134.0,50.21738370548,44.806122,-93.640784,suburban
2023-04-13 14:45:08 CDT,140.0,50.21738370548,44.806122,-93.640784,suburban
2023-04-13 14:45:09 CDT,140.0,52.0244800259,44.8060446,-93.6402165,suburban
2023-04-13 14:45:10 CDT,140.0,52.0244800259,44.8060446,-93.6402165,suburban
2023-04-13 14:45:11 CDT,141.0,53.17130100346,44.8059716,-93.6396242,suburban
2023-04-13 14:45:12 CDT,139.0,53.43649247740001,44.8059385,-93.6393267,suburban
2023-04-13 14:45:13 CDT,141.0,53.43649247740001,44.8059385,-93.6393267,suburban
2023-04-13 14:45:14 CDT,142.0,53.43649247740001,44.8059385,-93.6393267,suburban
2023-04-13 14:45:15 CDT,141.0,54.66607799802,44.8058669,-93.6386099,suburban
2023-04-13 14:45:16 CDT,142.0,54.91673830972,44.8058235,-93.6381157,suburban
2023-04-13 14:45:17 CDT,141.0,54.91673830972,44.8058235,-93.6381157,suburban
2023-04-13 14:45:18 CDT,142.0,54.5171470067,44.8057775,-93.6374909,suburban
2023-04-13 14:45:19 CDT,142.0,54.5171470067,44.8057775,-93.6374909,suburban
2023-04-13 14:45:20 CDT,139.0,53.2267681677,44.805741,-93.6368897,suburban
2023-04-13 14:45:21 CDT,54.9,53.2267681677,44.805741,-93.6368897,suburban
2023-04-13 14:45:22 CDT,0.0,52.44848752902,44.8057117,-93.6362945,suburban
2023-04-13 14:45:23 CDT,0.0,52.44848752902,44.8057117,-93.6362945,suburban
2023-04-13 14:45:24 CDT,0.0,52.6313730326,44.8056961,-93.6357023,suburban
2023-04-13 14:45:25 CDT,0.0,52.6313730326,44.8056961,-93.6357023,suburban
2023-04-13 14:45:26 CDT,67.5,52.397151992960005,44.805691,-93.6351029,suburban
2023-04-13 14:45:27 CDT,45.1,52.397151992960005,44.805691,-93.6351029,suburban
2023-04-13 14:45:28 CDT,115.0,52.12108004286,44.8056907,-93.6345182,suburban
2023-04-13 14:45:29 CDT,42.2,52.12108004286,44.8056907,-93.6345182,suburban
2023-04-13 14:45:30 CDT,127.0,51.36066584396,44.8056889,-93.633936,suburban
2023-04-13 14:45:31 CDT,121.0,51.36066584396,44.8056889,-93.633936,suburban
2023-04-13 14:45:32 CDT,124.0,50.62295211218,44.8056817,-93.6333619,suburban
2023-04-13 14:45:33 CDT,109.0,50.62295211218,44.8056817,-93.6333619,suburban
2023-04-13 14:45:34 CDT,122.0,50.17499145554,44.8056688,-93.6327868,suburban
2023-04-13 14:45:35 CDT,113.0,50.17499145554,44.8056688,-93.6327868,suburban
2023-04-13 14:45:36 CDT,120.0,49.2804033585,44.8056594,-93.6322317,suburban
2023-04-13 14:45:37 CDT,110.0,49.2804033585,44.8056594,-93.6322317,suburban
2023-04-13 14:45:38 CDT,111.0,49.235997862560005,44.8056576,-93.6316778,suburban
2023-04-13 14:45:39 CDT,38.8,49.235997862560005,44.8056576,-93.6316778,suburban
2023-04-13 14:45:40 CDT,41.1,49.7087885532,44.8056581,-93.6311209,suburban
2023-04-13 14:45:41 CDT,87.0,49.7087885532,44.8056581,-93.6311209,suburban
2023-04-13 14:45:42 CDT,120.0,49.7890052216,44.8056669,-93.6305526,suburban
2023-04-13 14:45:43 CDT,117.0,49.7890052216,44.8056669,-93.6305526,suburban
2023-04-13 14:45:44 CDT,121.0,50.13358793308,44.8056813,-93.6299897,suburban
2023-04-13 14:45:45 CDT,118.0,50.13358793308,44.8056813,-93.6299897,suburban
2023-04-13 14:45:46 CDT,129.0,50.43706463512,44.8057,-93.629422,suburban
2023-04-13 14:45:47 CDT,123.0,50.43706463512,44.8057,-93.629422,suburban
2023-04-13 14:45:48 CDT,109.0,48.858174222680006,44.8057202,-93.6288578,suburban
2023-04-13 14:45:49 CDT,127.0,48.858174222680006,44.8057202,-93.6288578,suburban
2023-04-13 14:45:50 CDT,130.0,44.60315643228,44.8057419,-93.6283216,suburban
2023-04-13 14:45:51 CDT,130.0,44.60315643228,44.8057419,-93.6283216,suburban
2023-04-13 14:45:52 CDT,85.5,37.14917798854,44.8057534,-93.6278597,suburban
2023-04-13 14:45:53 CDT,106.0,37.14917798854,44.8057534,-93.6278597,suburban
2023-04-13 14:45:54 CDT,104.0,29.01105157826,44.8057565,-93.6274927,suburban
2023-04-13 14:45:55 CDT,116.0,29.01105157826,44.8057565,-93.6274927,suburban
2023-04-13 14:45:56 CDT,118.0,20.73790346958,44.8057553,-93.6272214,suburban
2023-04-13 14:45:57 CDT,122.0,20.73790346958,44.8057553,-93.6272214,suburban
2023-04-13 14:45:58 CDT,134.0,10.02031568803,44.8057547,-93.6270534,suburban
2023-04-13 14:45:59 CDT,139.0,10.02031568803,44.8057547,-93.6270534,suburban
2023-04-13 14:46:00 CDT,137.0,9.954815624196,44.8057535,-93.6270131,suburban
2023-04-13 14:46:01 CDT,135.0,9.954815624196,44.8057535,-93.6270131,suburban
2023-04-13 14:46:02 CDT,140.0,6.85116002325,44.8057523,-93.6270149,suburban
2023-04-13 14:46:03 CDT,139.0,6.85116002325,44.8057523,-93.6270149,suburban
2023-04-13 14:46:04 CDT,137.0,3.113295022794,44.8057517,-93.6270332,suburban
2023-04-13 14:46:05 CDT,129.0,2.800462766592,44.8057517,-93.6270217,suburban
2023-04-13 14:46:06 CDT,137.0,0.7952834630342,44.8057514,-93.6270519,suburban
2023-04-13 14:46:07 CDT,133.0,0.7952834630342,44.8057514,-93.6270519,suburban
2023-04-13 14:46:08 CDT,137.0,0.06076690682942,44.8057513,-93.6270615,suburban
2023-04-13 14:46:09 CDT,141.0,0.06076690682942,44.8057513,-93.6270615,suburban
2023-04-13 14:46:10 CDT,140.0,1.370281105483,44.8057522,-93.6270562,suburban
2023-04-13 14:46:11 CDT,133.0,1.370281105483,44.8057522,-93.6270562,suburban
2023-04-13 14:46:12 CDT,101.0,9.787200815220002,44.805754,-93.6270111,suburban
2023-04-13 14:46:13 CDT,49.6,9.787200815220002,44.805754,-93.6270111,suburban
2023-04-13 14:46:14 CDT,103.0,15.886899991920002,44.8057627,-93.6268652,suburban
2023-04-13 14:46:15 CDT,129.0,15.886899991920002,44.8057627,-93.6268652,suburban
2023-04-13 14:46:16 CDT,129.0,20.71576000052,44.80578,-93.6266516,suburban
2023-04-13 14:46:17 CDT,79.6,20.71576000052,44.80578,-93.6266516,suburban
2023-04-13 14:46:18 CDT,90.5,24.60428872602,44.8057893,-93.6263869,suburban
2023-04-13 14:46:19 CDT,75.1,24.60428872602,44.8057893,-93.6263869,suburban
2023-04-13 14:46:20 CDT,112.0,27.55109591021,44.8057885,-93.6260822,suburban
2023-04-13 14:46:21 CDT,102.0,27.55109591021,44.8057885,-93.6260822,suburban
2023-04-13 14:46:22 CDT,116.0,27.22655506266,44.8057924,-93.6257574,suburban
2023-04-13 14:46:23 CDT,110.0,27.22655506266,44.8057924,-93.6257574,suburban
2023-04-13 14:46:24 CDT,94.6,26.34750027698,44.8058111,-93.6254512,suburban
2023-04-13 14:46:25 CDT,108.0,26.34750027698,44.8058111,-93.6254512,suburban
2023-04-13 14:46:26 CDT,57.9,25.47589897538,44.8058241,-93.6251574,suburban
2023-04-13 14:46:27 CDT,34.0,25.47589897538,44.8058241,-93.6251574,suburban
2023-04-13 14:46:28 CDT,66.7,24.4739802602,44.805828,-93.6248762,suburban
2023-04-13 14:46:29 CDT,75.5,24.4739802602,44.805828,-93.6248762,suburban
2023-04-13 14:46:30 CDT,73.0,20.52898222134,44.805826,-93.6246462,suburban
2023-04-13 14:46:31 CDT,63.9,20.52898222134,44.805826,-93.6246462,suburban
2023-04-13 14:46:32 CDT,60.1,15.76693401819,44.8058233,-93.6244273,suburban
2023-04-13 14:46:33 CDT,83.5,15.76693401819,44.8058233,-93.6244273,suburban
2023-04-13 14:46:34 CDT,69.7,10.68685334442,44.8058223,-93.6242735,suburban
2023-04-13 14:46:35 CDT,89.7,10.68685334442,44.8058223,-93.6242735,suburban
2023-04-13 14:46:36 CDT,105.0,1.687300130436,44.8058209,-93.6241972,suburban
2023-04-13 14:46:37 CDT,82.2,1.687300130436,44.8058209,-93.6241972,suburban
2023-04-13 14:46:38 CDT,77.6,1.68090494267,44.8058199,-93.6242045,suburban
2023-04-13 14:46:39 CDT,64.8,1.68090494267,44.8058199,-93.6242045,suburban
2023-04-13 14:46:40 CDT,63.3,0.97430480935,44.8058195,-93.6242112,suburban
2023-04-13 14:46:41 CDT,64.9,0.8807294931804001,44.8058194,-93.6242077,suburban
2023-04-13 14:46:42 CDT,68.3,0.1926099962562,44.8058193,-93.6242189,suburban
2023-04-13 14:46:43 CDT,71.6,0.1926099962562,44.8058193,-93.6242189,suburban
2023-04-13 14:46:44 CDT,70.0,0.06062469113198,44.8058193,-93.6242231,suburban
2023-04-13 14:46:45 CDT,77.0,0.06062469113198,44.8058193,-93.6242231,suburban
2023-04-13 14:46:46 CDT,71.9,0.09829441848016,44.8058193,-93.6242247,suburban
2023-04-13 14:46:47 CDT,84.5,0.09829441848016,44.8058193,-93.6242247,suburban
2023-04-13 14:46:48 CDT,106.0,0.0708356354914,44.8058193,-93.6242253,suburban
2023-04-13 14:46:49 CDT,119.0,0.0708356354914,44.8058193,-93.6242253,suburban
2023-04-13 14:46:50 CDT,124.0,0.03655624572438,44.8058193,-93.6242252,suburban
2023-04-13 14:46:51 CDT,123.0,0.03655624572438,44.8058193,-93.6242252,suburban
2023-04-13 14:46:52 CDT,125.0,0.014209084487084,44.8058193,-93.6242251,suburban
2023-04-13 14:46:53 CDT,119.0,0.014209084487084,44.8058193,-93.6242251,suburban
2023-04-13 14:46:54 CDT,117.0,3.92854870057,44.8058207,-93.6241955,suburban
2023-04-13 14:46:55 CDT,113.0,3.92854870057,44.8058207,-93.6241955,suburban
2023-04-13 14:46:56 CDT,102.0,10.8836749842,44.8058322,-93.6241221,suburban
2023-04-13 14:46:57 CDT,96.1,10.8836749842,44.8058322,-93.6241221,suburban
2023-04-13 14:46:58 CDT,87.2,16.05804267897,44.8059097,-93.6239952,suburban
2023-04-13 14:46:59 CDT,102.0,16.05804267897,44.8059097,-93.6239952,suburban
2023-04-13 14:47:00 CDT,92.2,21.24595504544,44.8060555,-93.6239119,suburban
2023-04-13 14:47:01 CDT,99.2,21.24595504544,44.8060555,-93.6239119,suburban
2023-04-13 14:47:02 CDT,89.2,23.92461240254,44.8062454,-93.6238424,suburban
2023-04-13 14:47:03 CDT,78.4,23.92461240254,44.8062454,-93.6238424,suburban
2023-04-13 14:47:04 CDT,77.1,29.616991648520003,44.806471,-93.6237559,suburban
2023-04-13 14:47:05 CDT,101.0,29.616991648520003,44.806471,-93.6237559,suburban
2023-04-13 14:47:06 CDT,106.0,34.478627302,44.8067318,-93.6236321,suburban
2023-04-13 14:47:07 CDT,123.0,34.478627302,44.8067318,-93.6236321,suburban
2023-04-13 14:47:08 CDT,126.0,38.23232894288,44.8070144,-93.6234907,suburban
2023-04-13 14:47:09 CDT,133.0,38.23232894288,44.8070144,-93.6234907,suburban
2023-04-13 14:47:10 CDT,138.0,41.45659609844,44.8073234,-93.6233305,suburban
2023-04-13 14:47:11 CDT,134.0,41.45659609844,44.8073234,-93.6233305,suburban
2023-04-13 14:47:12 CDT,67.8,45.37124109844,44.8076437,-93.6231235,suburban
2023-04-13 14:47:13 CDT,58.2,45.37124109844,44.8076437,-93.6231235,suburban
2023-04-13 14:47:14 CDT,132.0,48.6201593328,44.80798,-93.6228617,suburban
2023-04-13 14:47:15 CDT,104.0,48.6201593328,44.80798,-93.6228617,suburban
2023-04-13 14:47:16 CDT,131.0,51.92706799972,44.8083298,-93.6225571,suburban
2023-04-13 14:47:17 CDT,135.0,51.92706799972,44.8083298,-93.6225571,suburban
2023-04-13 14:47:18 CDT,94.6,54.54212915262001,44.8086917,-93.6222074,suburban
2023-04-13 14:47:19 CDT,95.1,54.54212915262001,44.8086917,-93.6222074,suburban
2023-04-13 14:47:20 CDT,124.0,55.21534295644,44.8090536,-93.6218416,suburban
2023-04-13 14:47:21 CDT,135.0,55.21534295644,44.8090536,-93.6218416,suburban
2023-04-13 14:47:22 CDT,134.0,56.0134473574,44.8094073,-93.6214495,suburban
2023-04-13 14:47:23 CDT,136.0,56.0134473574,44.8094073,-93.6214495,suburban
2023-04-13 14:47:24 CDT,131.0,57.5434136551,44.809742,-93.6210084,suburban
2023-04-13 14:47:25 CDT,137.0,57.5434136551,44.809742,-93.6210084,suburban
2023-04-13 14:47:26 CDT,113.0,58.88893530204,44.8100726,-93.6205297,suburban
2023-04-13 14:47:27 CDT,125.0,58.88893530204,44.8100726,-93.6205297,suburban
2023-04-13 14:47:28 CDT,129.0,59.703004743780006,44.8103933,-93.6200318,suburban
2023-04-13 14:47:29 CDT,133.0,59.703004743780006,44.8103933,-93.6200318,suburban
2023-04-13 14:47:30 CDT,129.0,60.396820765,44.8107121,-93.6195219,suburban
2023-04-13 14:47:31 CDT,134.0,60.396820765,44.8107121,-93.6195219,suburban
2023-04-13 14:47:32 CDT,128.0,61.04559599932,44.8110234,-93.6189927,suburban
2023-04-13 14:47:33 CDT,129.0,61.04559599932,44.8110234,-93.6189927,suburban
2023-04-13 14:47:34 CDT,131.0,61.82898580896,44.8113249,-93.6184347,suburban
2023-04-13 14:47:35 CDT,133.0,61.82898580896,44.8113249,-93.6184347,suburban
2023-04-13 14:47:36 CDT,131.0,62.38475131502,44.8116068,-93.6178582,suburban
2023-04-13 14:47:37 CDT,133.0,62.38475131502,44.8116068,-93.6178582,suburban
2023-04-13 14:47:38 CDT,136.0,62.94691446948,44.8118744,-93.6172566,suburban
2023-04-13 14:47:39 CDT,135.0,62.94691446948,44.8118744,-93.6172566,suburban
2023-04-13 14:47:40 CDT,134.0,63.348053734980006,44.8121334,-93.6166434,suburban
2023-04-13 14:47:41 CDT,135.0,63.348053734980006,44.8121334,-93.6166434,suburban
2023-04-13 14:47:42 CDT,137.0,64.53385562898,44.8123881,-93.6160056,suburban
2023-04-13 14:47:43 CDT,137.0,64.53385562898,44.8123881,-93.6160056,suburban
2023-04-13 14:47:44 CDT,92.1,65.68625329796001,44.8126268,-93.6153575,suburban
2023-04-13 14:47:45 CDT,86.6,65.68625329796001,44.8126268,-93.6153575,suburban
2023-04-13 14:47:46 CDT,90.2,67.2107748837,44.8128568,-93.6146789,suburban
2023-04-13 14:47:47 CDT,77.6,67.2107748837,44.8128568,-93.6146789,suburban
2023-04-13 14:47:48 CDT,64.2,68.38249076652001,44.8130735,-93.6139731,suburban
2023-04-13 14:47:49 CDT,30.9,68.38249076652001,44.8130735,-93.6139731,suburban
2023-04-13 14:47:50 CDT,85.7,68.4944988262,44.8132759,-93.6132426,suburban
2023-04-13 14:47:51 CDT,125.0,68.4944988262,44.8132759,-93.6132426,suburban
2023-04-13 14:47:52 CDT,126.0,68.77681631278001,44.8134564,-93.6125181,suburban
2023-04-13 14:47:53 CDT,134.0,68.77681631278001,44.8134564,-93.6125181,suburban
2023-04-13 14:47:54 CDT,134.0,69.34297016820001,44.8136227,-93.6117722,suburban
2023-04-13 14:47:55 CDT,132.0,69.34297016820001,44.8136227,-93.6117722,suburban
2023-04-13 14:47:56 CDT,129.0,69.56872886382,44.8137714,-93.611015,suburban
2023-04-13 14:47:57 CDT,126.0,69.56872886382,44.8137714,-93.611015,suburban
2023-04-13 14:47:58 CDT,138.0,69.76877169720001,44.8139007,-93.6102387,suburban
2023-04-13 14:47:59 CDT,124.0,69.76877169720001,44.8139007,-93.6102387,suburban
2023-04-13 14:48:00 CDT,135.0,69.50741210148,44.8140191,-93.6094743,suburban
2023-04-13 14:48:01 CDT,136.0,69.50741210148,44.8140191,-93.6094743,suburban
2023-04-13 14:48:02 CDT,118.0,69.08572430514,44.8141343,-93.6087106,suburban
2023-04-13 14:48:03 CDT,105.0,69.08572430514,44.8141343,-93.6087106,suburban
2023-04-13 14:48:04 CDT,95.1,68.80891416484,44.8142528,-93.6079533,suburban
2023-04-13 14:48:05 CDT,31.2,68.80891416484,44.8142528,-93.6079533,suburban
2023-04-13 14:48:06 CDT,59.3,68.80828334776,44.8143721,-93.6071847,suburban
2023-04-13 14:48:07 CDT,103.0,68.80828334776,44.8143721,-93.6071847,suburban
2023-04-13 14:48:08 CDT,94.1,69.23293956348,44.8144892,-93.6064311,suburban
2023-04-13 14:48:09 CDT,95.2,69.23293956348,44.8144892,-93.6064311,suburban
2023-04-13 14:48:10 CDT,101.0,69.99095352576,44.8146162,-93.6056669,suburban
2023-04-13 14:48:11 CDT,102.0,69.99095352576,44.8146162,-93.6056669,suburban
2023-04-13 14:48:12 CDT,102.0,69.94914511716,44.8147585,-93.6049018,suburban
2023-04-13 14:48:13 CDT,96.8,69.94914511716,44.8147585,-93.6049018,suburban
2023-04-13 14:48:14 CDT,68.3,70.0162108153,44.8149164,-93.6041321,suburban
2023-04-13 14:48:15 CDT,24.8,70.0162108153,44.8149164,-93.6041321,suburban
2023-04-13 14:48:16 CDT,0.0,70.15027734032,44.815082,-93.6033825,suburban
2023-04-13 14:48:17 CDT,0.418,70.15027734032,44.815082,-93.6033825,suburban
2023-04-13 14:48:18 CDT,102.0,69.48373632852001,44.815265,-93.6026385,suburban
2023-04-13 14:48:19 CDT,130.0,69.48373632852001,44.815265,-93.6026385,suburban
2023-04-13 14:48:20 CDT,127.0,68.8422535186,44.8154649,-93.6019101,suburban
2023-04-13 14:48:21 CDT,130.0,68.8422535186,44.8154649,-93.6019101,suburban
2023-04-13 14:48:22 CDT,138.0,67.53460326586001,44.8156775,-93.6011897,suburban
2023-04-13 14:48:23 CDT,134.0,67.53460326586001,44.8156775,-93.6011897,suburban
2023-04-13 14:48:24 CDT,140.0,67.4436962612,44.8158911,-93.6004991,suburban
2023-04-13 14:48:25 CDT,127.0,67.4436962612,44.8158911,-93.6004991,suburban
2023-04-13 14:48:26 CDT,76.4,67.91302640566,44.8161184,-93.5998141,suburban
2023-04-13 14:48:27 CDT,77.4,67.91302640566,44.8161184,-93.5998141,suburban
2023-04-13 14:48:28 CDT,49.6,68.20409032764,44.8163636,-93.5991176,suburban
2023-04-13 14:48:29 CDT,111.0,68.20409032764,44.8163636,-93.5991176,suburban
2023-04-13 14:48:30 CDT,90.0,68.74050853964,44.8166061,-93.5984201,suburban
2023-04-13 14:48:31 CDT,67.0,68.74050853964,44.8166061,-93.5984201,suburban
2023-04-13 14:48:32 CDT,70.6,69.29990459932,44.816849,-93.5977161,suburban
2023-04-13 14:48:33 CDT,89.5,69.29990459932,44.816849,-93.5977161,suburban
2023-04-13 14:48:34 CDT,122.0,69.45686620524,44.8170924,-93.5970083,suburban
2023-04-13 14:48:35 CDT,120.0,69.45686620524,44.8170924,-93.5970083,suburban
2023-04-13 14:48:36 CDT,98.2,69.2334495858,44.8173352,-93.5963023,suburban
2023-04-13 14:48:37 CDT,113.0,69.2334495858,44.8173352,-93.5963023,suburban
2023-04-13 14:48:38 CDT,114.0,69.03218762012001,44.8175807,-93.5955907,suburban
2023-04-13 14:48:39 CDT,122.0,69.03218762012001,44.8175807,-93.5955907,suburban
2023-04-13 14:48:40 CDT,126.0,69.14364091868,44.8178221,-93.594896,suburban
2023-04-13 14:48:41 CDT,87.2,69.14364091868,44.8178221,-93.594896,suburban
2023-04-13 14:48:42 CDT,121.0,69.65791789856,44.8180694,-93.5941944,suburban
2023-04-13 14:48:43 CDT,121.0,69.65791789856,44.8180694,-93.5941944,suburban
2023-04-13 14:48:44 CDT,127.0,70.08305729332001,44.8183155,-93.5934839,suburban
2023-04-13 14:48:45 CDT,126.0,70.08305729332001,44.8183155,-93.5934839,suburban
2023-04-13 14:48:46 CDT,133.0,70.28448031868001,44.8185626,-93.5927593,suburban
2023-04-13 14:48:47 CDT,138.0,70.28448031868001,44.8185626,-93.5927593,suburban
2023-04-13 14:48:48 CDT,128.0,70.26229882164,44.8188051,-93.5920499,suburban
2023-04-13 14:48:49 CDT,114.0,70.26229882164,44.8188051,-93.5920499,suburban
2023-04-13 14:48:50 CDT,134.0,70.26053163904001,44.8190458,-93.5913332,suburban
2023-04-13 14:48:51 CDT,139.0,70.26053163904001,44.8190458,-93.5913332,suburban
2023-04-13 14:48:52 CDT,132.0,69.84383669278,44.8192639,-93.5906038,suburban
2023-04-13 14:48:53 CDT,132.0,69.84383669278,44.8192639,-93.5906038,suburban
2023-04-13 14:48:54 CDT,133.0,69.67443993740001,44.8194549,-93.5898502,suburban
2023-04-13 14:48:55 CDT,138.0,69.67443993740001,44.8194549,-93.5898502,suburban
2023-04-13 14:48:56 CDT,102.0,70.64152054902,44.819621,-93.5890893,suburban
2023-04-13 14:48:57 CDT,61.2,70.64152054902,44.819621,-93.5890893,suburban
2023-04-13 14:48:58 CDT,52.5,70.91053047954001,44.8197639,-93.5883127,suburban
2023-04-13 14:48:59 CDT,64.8,70.91053047954001,44.8197639,-93.5883127,suburban
2023-04-13 14:49:00 CDT,63.7,71.37907322112001,44.8198804,-93.5875224,suburban
2023-04-13 14:49:01 CDT,55.0,71.37907322112001,44.8198804,-93.5875224,suburban
2023-04-13 14:49:02 CDT,42.9,71.269020247,44.8199747,-93.5867196,suburban
2023-04-13 14:49:03 CDT,57.4,71.269020247,44.8199747,-93.5867196,suburban
2023-04-13 14:49:04 CDT,34.2,71.22416512612001,44.8200469,-93.5859261,suburban
2023-04-13 14:49:05 CDT,47.6,71.22416512612001,44.8200469,-93.5859261,suburban
2023-04-13 14:49:06 CDT,49.2,70.79947535630001,44.820108,-93.58513,suburban
2023-04-13 14:49:07 CDT,38.5,70.79947535630001,44.820108,-93.58513,suburban
2023-04-13 14:49:08 CDT,60.1,70.0841578678,44.8201749,-93.5843409,suburban
2023-04-13 14:49:09 CDT,39.4,70.0841578678,44.8201749,-93.5843409,suburban
2023-04-13 14:49:10 CDT,50.7,69.25661981032,44.8202443,-93.5835513,suburban
2023-04-13 14:49:11 CDT,35.1,69.25661981032,44.8202443,-93.5835513,suburban
2023-04-13 14:49:12 CDT,39.9,68.94313503872,44.8203092,-93.5827843,suburban
2023-04-13 14:49:13 CDT,102.0,68.94313503872,44.8203092,-93.5827843,suburban
2023-04-13 14:49:14 CDT,117.0,68.51800011784,44.8203745,-93.5820159,suburban
2023-04-13 14:49:15 CDT,117.0,68.51800011784,44.8203745,-93.5820159,suburban
2023-04-13 14:49:16 CDT,97.2,68.33868253356,44.8204368,-93.5812495,suburban
2023-04-13 14:49:17 CDT,96.6,68.33868253356,44.8204368,-93.5812495,suburban
2023-04-13 14:49:18 CDT,85.6,68.31616996940001,44.8205003,-93.5804731,suburban
2023-04-13 14:49:19 CDT,113.0,68.31616996940001,44.8205003,-93.5804731,suburban
2023-04-13 14:49:20 CDT,55.6,67.82447713576,44.8205655,-93.5797175,suburban
2023-04-13 14:49:21 CDT,48.3,67.82447713576,44.8205655,-93.5797175,suburban
2023-04-13 14:49:22 CDT,82.0,67.57815201378001,44.8206332,-93.5789606,suburban
2023-04-13 14:49:23 CDT,72.9,67.57815201378001,44.8206332,-93.5789606,suburban
2023-04-13 14:49:24 CDT,97.1,66.75097634058,44.8206957,-93.5782068,suburban
2023-04-13 14:49:25 CDT,100.0,66.75097634058,44.8206957,-93.5782068,suburban
2023-04-13 14:49:26 CDT,90.0,66.81733516568,44.8207608,-93.57745,suburban
2023-04-13 14:49:27 CDT,90.2,66.81733516568,44.8207608,-93.57745,suburban
2023-04-13 14:49:28 CDT,30.2,67.21970922206,44.8208239,-93.5767054,suburban
2023-04-13 14:49:29 CDT,0.0,67.21970922206,44.8208239,-93.5767054,suburban
2023-04-13 14:49:30 CDT,89.6,66.88514129096001,44.820887,-93.5759539,suburban
2023-04-13 14:49:31 CDT,107.0,66.88514129096001,44.820887,-93.5759539,suburban
2023-04-13 14:49:32 CDT,96.7,66.86281886670001,44.8209514,-93.5752048,suburban
2023-04-13 14:49:33 CDT,54.6,66.86281886670001,44.8209514,-93.5752048,suburban
2023-04-13 14:49:34 CDT,90.1,66.71121025820001,44.8210171,-93.5744466,suburban
2023-04-13 14:49:35 CDT,117.0,66.71121025820001,44.8210171,-93.5744466,suburban
2023-04-13 14:49:36 CDT,107.0,66.07969077904,44.821082,-93.5737084,suburban
2023-04-13 14:49:37 CDT,128.0,66.07969077904,44.821082,-93.5737084,suburban
2023-04-13 14:49:38 CDT,123.0,65.47547315258001,44.8211598,-93.5729777,suburban
2023-04-13 14:49:39 CDT,115.0,65.47547315258001,44.8211598,-93.5729777,suburban
2023-04-13 14:49:40 CDT,117.0,65.7656557202,44.8212627,-93.5722532,suburban
2023-04-13 14:49:41 CDT,121.0,65.7656557202,44.8212627,-93.5722532,suburban
2023-04-13 14:49:42 CDT,126.0,66.34642350464,44.8213882,-93.5715254,suburban
2023-04-13 14:49:43 CDT,115.0,66.34642350464,44.8213882,-93.5715254,suburban
2023-04-13 14:49:44 CDT,117.0,67.14164672688001,44.8215347,-93.5707983,suburban
2023-04-13 14:49:45 CDT,87.3,67.14164672688001,44.8215347,-93.5707983,suburban
2023-04-13 14:49:46 CDT,101.0,68.09002204622,44.8217003,-93.5700788,suburban
2023-04-13 14:49:47 CDT,111.0,68.09002204622,44.8217003,-93.5700788,suburban
2023-04-13 14:49:48 CDT,128.0,68.74051748740001,44.8218991,-93.5693441,suburban
2023-04-13 14:49:49 CDT,124.0,68.74051748740001,44.8218991,-93.5693441,suburban
2023-04-13 14:49:50 CDT,86.1,69.0984726262,44.822119,-93.5686268,suburban
2023-04-13 14:49:51 CDT,80.9,69.0984726262,44.822119,-93.5686268,suburban
2023-04-13 14:49:52 CDT,110.0,69.45651947954,44.8223651,-93.5679235,suburban
2023-04-13 14:49:53 CDT,118.0,69.45651947954,44.8223651,-93.5679235,suburban
2023-04-13 14:49:54 CDT,89.6,70.14963757548,44.8226339,-93.5672298,suburban
2023-04-13 14:49:55 CDT,117.0,70.14963757548,44.8226339,-93.5672298,suburban
2023-04-13 14:49:56 CDT,87.8,70.30676471496001,44.8229259,-93.56655,suburban
2023-04-13 14:49:57 CDT,122.0,70.30676471496001,44.8229259,-93.56655,suburban
2023-04-13 14:49:58 CDT,89.8,70.39619310228001,44.8232427,-93.565878,suburban
2023-04-13 14:49:59 CDT,123.0,70.39619310228001,44.8232427,-93.565878,suburban
2023-04-13 14:50:00 CDT,120.0,70.5304050284,44.8235748,-93.5652423,suburban
2023-04-13 14:50:01 CDT,80.8,70.5304050284,44.8235748,-93.5652423,suburban
2023-04-13 14:50:02 CDT,38.6,70.843554259,44.8239312,-93.564621,suburban
2023-04-13 14:50:03 CDT,85.0,70.843554259,44.8239312,-93.564621,suburban
2023-04-13 14:50:04 CDT,66.1,71.13435422206,44.8243077,-93.564017,suburban
2023-04-13 14:50:05 CDT,40.2,71.13435422206,44.8243077,-93.564017,suburban
2023-04-13 14:50:06 CDT,60.4,71.44748108326,44.8247117,-93.5634297,suburban
2023-04-13 14:50:07 CDT,63.8,71.44748108326,44.8247117,-93.5634297,suburban
2023-04-13 14:50:08 CDT,69.0,71.06788354996,44.8251269,-93.5628847,suburban
2023-04-13 14:50:09 CDT,78.7,71.06788354996,44.8251269,-93.5628847,suburban
2023-04-13 14:50:10 CDT,87.3,70.9110874776,44.8255586,-93.5623625,suburban
2023-04-13 14:50:11 CDT,64.4,70.9110874776,44.8255586,-93.5623625,suburban
2023-04-13 14:50:12 CDT,128.0,71.58144470904,44.8260076,-93.5618601,suburban
2023-04-13 14:50:13 CDT,126.0,71.58144470904,44.8260076,-93.5618601,suburban
2023-04-13 14:50:14 CDT,125.0,71.58209789552001,44.8264672,-93.5613527,suburban
2023-04-13 14:50:15 CDT,127.0,71.73342464958,44.8269165,-93.5608551,suburban
2023-04-13 14:50:16 CDT,132.0,71.73342464958,44.8269165,-93.5608551,suburban
2023-04-13 14:50:17 CDT,105.0,71.44811637422,44.8273686,-93.5603554,suburban
2023-04-13 14:50:18 CDT,109.0,71.44811637422,44.8273686,-93.5603554,suburban
2023-04-13 14:50:19 CDT,101.0,71.13698933738,44.8278179,-93.5598578,suburban
2023-04-13 14:50:20 CDT,94.5,71.13698933738,44.8278179,-93.5598578,suburban
2023-04-13 14:50:21 CDT,119.0,71.20171967016,44.828268,-93.5593579,suburban
2023-04-13 14:50:22 CDT,121.0,71.20171967016,44.828268,-93.5593579,suburban
2023-04-13 14:50:23 CDT,124.0,70.44185128462,44.8287187,-93.5588634,suburban
2023-04-13 14:50:24 CDT,127.0,70.44185128462,44.8287187,-93.5588634,suburban
2023-04-13 14:50:25 CDT,83.0,68.8987921771,44.8291547,-93.5583843,suburban
2023-04-13 14:50:26 CDT,95.6,68.8987921771,44.8291547,-93.5583843,suburban
2023-04-13 14:50:27 CDT,119.0,67.26655969342,44.8295881,-93.5579073,suburban
2023-04-13 14:50:28 CDT,78.2,67.26655969342,44.8295881,-93.5579073,suburban
2023-04-13 14:50:29 CDT,114.0,66.57212403982,44.8300111,-93.5574421,suburban
2023-04-13 14:50:30 CDT,110.0,66.57212403982,44.8300111,-93.5574421,suburban
2023-04-13 14:50:31 CDT,119.0,66.57133440000001,44.8304323,-93.5569777,suburban
2023-04-13 14:50:32 CDT,93.2,66.57133440000001,44.8304323,-93.5569777,suburban
2023-04-13 14:50:33 CDT,70.4,66.41487834252001,44.8308527,-93.5565119,suburban
2023-04-13 14:50:34 CDT,62.9,66.41487834252001,44.8308527,-93.5565119,suburban
2023-04-13 14:50:35 CDT,115.0,66.83940928960001,44.8312744,-93.556047,suburban
2023-04-13 14:50:36 CDT,110.0,66.83940928960001,44.8312744,-93.556047,suburban
2023-04-13 14:50:37 CDT,106.0,67.48764765832,44.8317054,-93.5555723,suburban
2023-04-13 14:50:38 CDT,118.0,67.48764765832,44.8317054,-93.5555723,suburban
2023-04-13 14:50:39 CDT,110.0,67.332005847,44.8321283,-93.5551054,suburban
2023-04-13 14:50:40 CDT,118.0,67.332005847,44.8321283,-93.5551054,suburban
2023-04-13 14:50:41 CDT,110.0,66.68368694844,44.8325512,-93.5546397,suburban
2023-04-13 14:50:42 CDT,53.0,66.68368694844,44.8325512,-93.5546397,suburban
2023-04-13 14:50:43 CDT,102.0,66.5047071421,44.832973,-93.5541782,suburban
2023-04-13 14:50:44 CDT,120.0,66.5047071421,44.832973,-93.5541782,suburban
2023-04-13 14:50:45 CDT,128.0,66.50423291082001,44.8333991,-93.5537085,suburban
2023-04-13 14:50:46 CDT,104.0,66.50423291082001,44.8333991,-93.5537085,suburban
2023-04-13 14:50:47 CDT,124.0,66.8841816437,44.8338154,-93.5532459,suburban
2023-04-13 14:50:48 CDT,54.2,66.8841816437,44.8338154,-93.5532459,suburban
2023-04-13 14:50:49 CDT,11.5,67.26444802206001,44.8342379,-93.5527773,suburban
2023-04-13 14:50:50 CDT,55.2,67.26444802206001,44.8342379,-93.5527773,suburban
2023-04-13 14:50:51 CDT,39.4,67.65912253096,44.8346647,-93.5523047,suburban
2023-04-13 14:50:52 CDT,45.1,67.65912253096,44.8346647,-93.5523047,suburban
2023-04-13 14:50:53 CDT,74.5,68.06376931838001,44.8350981,-93.5518255,suburban
2023-04-13 14:50:54 CDT,112.0,68.06376931838001,44.8350981,-93.5518255,suburban
2023-04-13 14:50:55 CDT,118.0,67.6683856995,44.8355253,-93.5513554,suburban
2023-04-13 14:50:56 CDT,115.0,67.6683856995,44.8355253,-93.5513554,suburban
2023-04-13 14:50:57 CDT,122.0,67.30980645444001,44.8359518,-93.5508856,suburban
2023-04-13 14:50:58 CDT,115.0,67.30980645444001,44.8359518,-93.5508856,suburban
2023-04-13 14:50:59 CDT,46.8,67.13071927498001,44.8363769,-93.550415,suburban
2023-04-13 14:51:00 CDT,75.7,67.13071927498001,44.8363769,-93.550415,suburban
2023-04-13 14:51:01 CDT,68.3,66.54105518016,44.8368038,-93.5499423,suburban
2023-04-13 14:51:02 CDT,51.5,66.54105518016,44.8368038,-93.5499423,suburban
2023-04-13 14:51:03 CDT,43.1,65.47411309306,44.8372194,-93.5494834,suburban
2023-04-13 14:51:04 CDT,53.8,65.47411309306,44.8372194,-93.5494834,suburban
2023-04-13 14:51:05 CDT,39.7,64.9465665851,44.8376277,-93.5490311,suburban
2023-04-13 14:51:06 CDT,50.0,64.9465665851,44.8376277,-93.5490311,suburban
2023-04-13 14:51:07 CDT,63.6,64.75957182274001,44.8380383,-93.5485745,suburban
2023-04-13 14:51:08 CDT,61.5,64.75957182274001,44.8380383,-93.5485745,suburban
2023-04-13 14:51:09 CDT,80.8,63.597110160700005,44.8384449,-93.5481254,suburban
2023-04-13 14:51:10 CDT,62.3,63.597110160700005,44.8384449,-93.5481254,suburban
2023-04-13 14:51:11 CDT,87.9,62.702054543200006,44.8388442,-93.5476851,suburban
2023-04-13 14:51:12 CDT,69.9,62.702054543200006,44.8388442,-93.5476851,suburban
2023-04-13 14:51:13 CDT,84.7,63.20090558484,44.8392406,-93.5472469,suburban
2023-04-13 14:51:14 CDT,96.2,63.20090558484,44.8392406,-93.5472469,suburban
2023-04-13 14:51:15 CDT,111.0,63.69811247558,44.8396415,-93.5468028,suburban
2023-04-13 14:51:16 CDT,118.0,63.69811247558,44.8396415,-93.5468028,suburban
2023-04-13 14:51:17 CDT,115.0,63.663285556720005,44.8400443,-93.5463408,suburban
2023-04-13 14:51:18 CDT,98.6,63.663285556720005,44.8400443,-93.5463408,suburban
2023-04-13 14:51:19 CDT,92.9,63.752666968300005,44.8404254,-93.5458688,suburban
2023-04-13 14:51:20 CDT,17.6,63.752666968300005,44.8404254,-93.5458688,suburban
2023-04-13 14:51:21 CDT,23.7,63.130050510340006,44.8407953,-93.545378,suburban
2023-04-13 14:51:22 CDT,24.2,63.130050510340006,44.8407953,-93.545378,suburban
2023-04-13 14:51:23 CDT,29.8,62.92521838842001,44.8411524,-93.5448744,suburban
2023-04-13 14:51:24 CDT,28.5,62.92521838842001,44.8411524,-93.5448744,suburban
2023-04-13 14:51:25 CDT,34.2,62.65692875258001,44.8414999,-93.5443464,suburban
2023-04-13 14:51:26 CDT,35.7,62.65692875258001,44.8414999,-93.5443464,suburban
2023-04-13 14:51:27 CDT,64.3,62.83541419518001,44.8418292,-93.5438191,suburban
2023-04-13 14:51:28 CDT,81.9,62.83541419518001,44.8418292,-93.5438191,suburban
2023-04-13 14:51:29 CDT,70.4,63.4305811624,44.8421473,-93.543272,suburban
2023-04-13 14:51:30 CDT,54.5,63.4305811624,44.8421473,-93.543272,suburban
2023-04-13 14:51:31 CDT,48.6,64.03983190386,44.8424607,-93.5426956,suburban
2023-04-13 14:51:32 CDT,58.9,64.03983190386,44.8424607,-93.5426956,suburban
2023-04-13 14:51:33 CDT,68.8,64.03474957618,44.8427673,-93.5420999,suburban
2023-04-13 14:51:34 CDT,62.7,64.03474957618,44.8427673,-93.5420999,suburban
2023-04-13 14:51:35 CDT,60.6,63.945502381,44.8430529,-93.5415048,suburban
2023-04-13 14:51:36 CDT,53.9,63.945502381,44.8430529,-93.5415048,suburban
2023-04-13 14:51:37 CDT,62.6,64.7809547322,44.8433226,-93.5408854,suburban
2023-04-13 14:51:38 CDT,66.5,64.7809547322,44.8433226,-93.5408854,suburban
2023-04-13 14:51:39 CDT,64.1,64.9924350398,44.8435798,-93.5402461,suburban
2023-04-13 14:51:40 CDT,61.4,64.9924350398,44.8435798,-93.5402461,suburban
2023-04-13 14:51:41 CDT,60.6,65.1538861843,44.843828,-93.5395887,suburban
2023-04-13 14:51:42 CDT,62.7,65.1538861843,44.843828,-93.5395887,suburban
2023-04-13 14:51:43 CDT,62.2,65.9200045802,44.8440549,-93.5389282,suburban
2023-04-13 14:51:44 CDT,66.5,65.9200045802,44.8440549,-93.5389282,suburban
2023-04-13 14:51:45 CDT,64.5,66.63977581624,44.8442726,-93.5382428,suburban
2023-04-13 14:51:46 CDT,63.7,66.63977581624,44.8442726,-93.5382428,suburban
2023-04-13 14:51:47 CDT,55.7,66.21379085816001,44.844476,-93.5375496,suburban
2023-04-13 14:51:48 CDT,68.5,66.21379085816001,44.844476,-93.5375496,suburban
2023-04-13 14:51:49 CDT,65.0,66.16872993880001,44.8446628,-93.5368397,suburban
2023-04-13 14:51:50 CDT,57.6,66.16872993880001,44.8446628,-93.5368397,suburban
2023-04-13 14:51:51 CDT,63.3,66.12406048394001,44.8448285,-93.5361373,suburban
2023-04-13 14:51:52 CDT,67.5,66.12406048394001,44.8448285,-93.5361373,suburban
2023-04-13 14:51:53 CDT,61.0,65.63216185182,44.8449778,-93.5354234,suburban
2023-04-13 14:51:54 CDT,60.1,65.63216185182,44.8449778,-93.5354234,suburban
2023-04-13 14:51:55 CDT,58.2,65.251875341,44.8451099,-93.5347051,suburban
2023-04-13 14:51:56 CDT,66.4,65.251875341,44.8451099,-93.5347051,suburban
2023-04-13 14:51:57 CDT,63.0,64.75982459696,44.8452221,-93.5339877,suburban
2023-04-13 14:51:58 CDT,62.8,64.75982459696,44.8452221,-93.5339877,suburban
2023-04-13 14:51:59 CDT,63.9,64.6249057978,44.8453211,-93.5332705,suburban
2023-04-13 14:52:00 CDT,61.5,64.6249057978,44.8453211,-93.5332705,suburban
2023-04-13 14:52:01 CDT,62.6,64.51342565596,44.8454143,-93.5325536,suburban
2023-04-13 14:52:02 CDT,63.1,64.51342565596,44.8454143,-93.5325536,suburban
2023-04-13 14:52:03 CDT,63.5,63.775606788000005,44.8455091,-93.5318408,suburban
2023-04-13 14:52:04 CDT,60.4,63.775606788000005,44.8455091,-93.5318408,suburban
2023-04-13 14:52:05 CDT,65.0,62.05405552706,44.8456044,-93.5311337,suburban
2023-04-13 14:52:06 CDT,59.8,62.05405552706,44.8456044,-93.5311337,suburban
2023-04-13 14:52:07 CDT,64.8,60.30932509384001,44.8456944,-93.5304628,suburban
2023-04-13 14:52:08 CDT,64.5,60.30932509384001,44.8456944,-93.5304628,suburban
2023-04-13 14:52:09 CDT,63.4,58.63686795508001,44.845782,-93.5298061,suburban
2023-04-13 14:52:10 CDT,64.3,58.63686795508001,44.845782,-93.5298061,suburban
2023-04-13 14:52:11 CDT,63.8,57.17759343526,44.8458696,-93.5291665,suburban
2023-04-13 14:52:12 CDT,62.3,57.17759343526,44.8458696,-93.5291665,suburban
2023-04-13 14:52:13 CDT,66.8,57.15439189358,44.8459606,-93.5285271,suburban
2023-04-13 14:52:14 CDT,64.1,57.15439189358,44.8459606,-93.5285271,suburban
2023-04-13 14:52:15 CDT,65.6,57.77965241462,44.846047,-93.527897,suburban
2023-04-13 14:52:16 CDT,67.5,57.77965241462,44.846047,-93.527897,suburban
2023-04-13 14:52:17 CDT,64.9,57.914220014200005,44.8461301,-93.5272517,suburban
2023-04-13 14:52:18 CDT,68.1,57.914220014200005,44.8461301,-93.5272517,suburban
2023-04-13 14:52:19 CDT,65.8,58.36976389744,44.8462154,-93.5266064,suburban
2023-04-13 14:52:20 CDT,62.9,58.36976389744,44.8462154,-93.5266064,suburban
2023-04-13 14:52:21 CDT,61.2,59.00142654076,44.8463038,-93.5259469,suburban
2023-04-13 14:52:22 CDT,63.2,59.00142654076,44.8463038,-93.5259469,suburban
2023-04-13 14:52:23 CDT,59.6,60.0294816629,44.8463943,-93.5252922,suburban
2023-04-13 14:52:24 CDT,62.9,60.0294816629,44.8463943,-93.5252922,suburban
2023-04-13 14:52:25 CDT,60.9,61.04526269526001,44.8464869,-93.5246198,suburban
2023-04-13 14:52:26 CDT,65.8,61.04526269526001,44.8464869,-93.5246198,suburban
2023-04-13 14:52:27 CDT,60.2,61.31431512764,44.8465793,-93.5239396,suburban
2023-04-13 14:52:28 CDT,60.6,61.31431512764,44.8465793,-93.5239396,suburban
2023-04-13 14:52:29 CDT,63.0,61.82828564674001,44.8466742,-93.5232474,suburban
2023-04-13 14:52:30 CDT,66.5,61.82828564674001,44.8466742,-93.5232474,suburban
2023-04-13 14:52:31 CDT,63.8,62.83435612256001,44.8467685,-93.5225614,suburban
2023-04-13 14:52:32 CDT,63.4,62.83435612256001,44.8467685,-93.5225614,suburban
2023-04-13 14:52:33 CDT,60.6,63.97508143862,44.8468634,-93.5218572,suburban
2023-04-13 14:52:34 CDT,59.9,63.97508143862,44.8468634,-93.5218572,suburban
2023-04-13 14:52:35 CDT,66.6,64.98181181174,44.8469603,-93.5211389,suburban
2023-04-13 14:52:36 CDT,71.0,64.98181181174,44.8469603,-93.5211389,suburban
2023-04-13 14:52:37 CDT,67.6,65.89943144302,44.8470597,-93.5204009,suburban
2023-04-13 14:52:38 CDT,68.4,65.89943144302,44.8470597,-93.5204009,suburban
2023-04-13 14:52:39 CDT,67.6,66.50382802468,44.8471596,-93.5196733,suburban
2023-04-13 14:52:40 CDT,65.3,66.50382802468,44.8471596,-93.5196733,suburban
2023-04-13 14:52:41 CDT,67.0,66.25833951826,44.8472587,-93.5189354,suburban
2023-04-13 14:52:42 CDT,67.3,66.25833951826,44.8472587,-93.5189354,suburban
2023-04-13 14:52:43 CDT,69.7,66.1687411235,44.8473577,-93.5181999,suburban
2023-04-13 14:52:44 CDT,67.3,66.1687411235,44.8473577,-93.5181999,suburban
2023-04-13 14:52:45 CDT,66.6,65.98997382646,44.8474583,-93.5174571,suburban
2023-04-13 14:52:46 CDT,67.2,65.98997382646,44.8474583,-93.5174571,suburban
2023-04-13 14:52:47 CDT,67.8,65.34760742524,44.8475562,-93.5167351,suburban
2023-04-13 14:52:48 CDT,68.4,65.34760742524,44.8475562,-93.5167351,suburban
2023-04-13 14:52:49 CDT,68.3,65.48849438032,44.8476538,-93.5160128,suburban
2023-04-13 14:52:50 CDT,68.9,65.48849438032,44.8476538,-93.5160128,suburban
2023-04-13 14:52:51 CDT,68.9,66.1201212326,44.8477536,-93.5152795,suburban
2023-04-13 14:52:52 CDT,68.0,66.1201212326,44.8477536,-93.5152795,suburban
2023-04-13 14:52:53 CDT,65.4,65.90705940842,44.8478535,-93.514542,suburban
2023-04-13 14:52:54 CDT,57.8,65.90705940842,44.8478535,-93.514542,suburban
2023-04-13 14:52:55 CDT,64.9,66.55928176728001,44.8479518,-93.5138038,suburban
2023-04-13 14:52:56 CDT,68.6,66.55928176728001,44.8479518,-93.5138038,suburban
2023-04-13 14:52:57 CDT,69.2,66.92858042882,44.8480512,-93.5130737,suburban
2023-04-13 14:52:58 CDT,68.5,66.92858042882,44.8480512,-93.5130737,suburban
2023-04-13 14:52:59 CDT,65.9,67.90648111922,44.8481529,-93.512319,suburban
2023-04-13 14:53:00 CDT,64.2,67.90648111922,44.8481529,-93.512319,suburban
2023-04-13 14:53:01 CDT,63.7,68.36913176084,44.8482554,-93.5115565,suburban
2023-04-13 14:53:02 CDT,67.4,68.36913176084,44.8482554,-93.5115565,suburban
2023-04-13 14:53:03 CDT,67.0,67.2660384864,44.8483564,-93.5108028,suburban
2023-04-13 14:53:04 CDT,63.5,67.2660384864,44.8483564,-93.5108028,suburban
2023-04-13 14:53:05 CDT,69.5,66.75068777532,44.8484576,-93.510059,suburban
2023-04-13 14:53:06 CDT,67.9,66.75068777532,44.8484576,-93.510059,suburban
2023-04-13 14:53:07 CDT,67.2,67.06307644632001,44.8485592,-93.5093159,suburban
2023-04-13 14:53:08 CDT,68.8,67.06307644632001,44.8485592,-93.5093159,suburban
2023-04-13 14:53:09 CDT,67.1,66.75141254388001,44.8486642,-93.5085637,suburban
2023-04-13 14:53:10 CDT,66.9,66.75141254388001,44.8486642,-93.5085637,suburban
2023-04-13 14:53:11 CDT,68.6,65.87922069012001,44.8487672,-93.5078359,suburban
2023-04-13 14:53:12 CDT,68.0,65.87922069012001,44.8487672,-93.5078359,suburban
2023-04-13 14:53:13 CDT,66.4,65.9225658765,44.848868,-93.5071056,suburban
2023-04-13 14:53:14 CDT,64.5,65.9225658765,44.848868,-93.5071056,suburban
2023-04-13 14:53:15 CDT,66.2,66.1907861672,44.8489633,-93.50637,suburban
2023-04-13 14:53:16 CDT,64.1,66.1907861672,44.8489633,-93.50637,suburban
2023-04-13 14:53:17 CDT,66.8,66.6155587038,44.8490576,-93.5056201,suburban
2023-04-13 14:53:18 CDT,57.0,66.6155587038,44.8490576,-93.5056201,suburban
2023-04-13 14:53:19 CDT,55.7,66.9959727202,44.8491431,-93.5048805,suburban
2023-04-13 14:53:20 CDT,63.9,66.9959727202,44.8491431,-93.5048805,suburban
2023-04-13 14:53:21 CDT,65.0,66.50793280958,44.8492269,-93.5041351,suburban
2023-04-13 14:53:22 CDT,60.5,66.50793280958,44.8492269,-93.5041351,suburban
2023-04-13 14:53:23 CDT,41.1,65.677117635,44.8493049,-93.5033972,suburban
2023-04-13 14:53:24 CDT,40.7,65.677117635,44.8493049,-93.5033972,suburban
2023-04-13 14:53:25 CDT,58.1,65.38604029138,44.8493793,-93.5026554,suburban
2023-04-13 14:53:26 CDT,58.8,65.38604029138,44.8493793,-93.5026554,suburban
2023-04-13 14:53:27 CDT,69.8,64.843633791,44.8494491,-93.5019344,suburban
2023-04-13 14:53:28 CDT,46.2,64.843633791,44.8494491,-93.5019344,suburban
2023-04-13 14:53:29 CDT,61.9,64.3622666724,44.8495152,-93.5012123,suburban
2023-04-13 14:53:30 CDT,67.6,64.3622666724,44.8495152,-93.5012123,suburban
2023-04-13 14:53:31 CDT,65.1,63.3522882624,44.8495744,-93.5004958,suburban
2023-04-13 14:53:32 CDT,66.9,63.3522882624,44.8495744,-93.5004958,suburban
2023-04-13 14:53:33 CDT,65.6,62.8142370842,44.8496298,-93.4997832,suburban
2023-04-13 14:53:34 CDT,66.8,62.8142370842,44.8496298,-93.4997832,suburban
2023-04-13 14:53:35 CDT,66.8,62.16692928252,44.8496767,-93.499083,suburban
2023-04-13 14:53:36 CDT,64.7,62.16692928252,44.8496767,-93.499083,suburban
2023-04-13 14:53:37 CDT,59.6,61.98778170568001,44.849724,-93.4983885,suburban
2023-04-13 14:53:38 CDT,68.1,61.98778170568001,44.849724,-93.4983885,suburban
2023-04-13 14:53:39 CDT,67.1,61.75862957208,44.8497676,-93.4976924,suburban
2023-04-13 14:53:40 CDT,68.4,61.75862957208,44.8497676,-93.4976924,suburban
2023-04-13 14:53:41 CDT,66.7,61.58798236724,44.8498077,-93.4969897,suburban
2023-04-13 14:53:42 CDT,67.8,61.58798236724,44.8498077,-93.4969897,suburban
2023-04-13 14:53:43 CDT,68.7,61.35941407498001,44.8498418,-93.4963018,suburban
2023-04-13 14:53:44 CDT,67.6,61.35941407498001,44.8498418,-93.4963018,suburban
2023-04-13 14:53:45 CDT,69.0,61.62749120152,44.8498718,-93.49561,suburban
2023-04-13 14:53:46 CDT,66.7,61.62749120152,44.8498718,-93.49561,suburban
2023-04-13 14:53:47 CDT,65.4,61.96305233398,44.8498972,-93.4949133,suburban
2023-04-13 14:53:48 CDT,55.6,61.96305233398,44.8498972,-93.4949133,suburban
2023-04-13 14:53:49 CDT,60.6,62.879573627720006,44.8499182,-93.4941999,suburban
2023-04-13 14:53:50 CDT,65.3,62.879573627720006,44.8499182,-93.4941999,suburban
2023-04-13 14:53:51 CDT,66.7,63.654219238900005,44.8499411,-93.4934918,suburban
2023-04-13 14:53:52 CDT,67.2,63.654219238900005,44.8499411,-93.4934918,suburban
2023-04-13 14:53:53 CDT,65.2,64.46785471428001,44.8499665,-93.4927689,suburban
2023-04-13 14:53:54 CDT,68.3,64.46785471428001,44.8499665,-93.4927689,suburban
2023-04-13 14:53:55 CDT,67.1,64.98271329856,44.8499905,-93.492037,suburban
2023-04-13 14:53:56 CDT,68.5,64.98271329856,44.8499905,-93.492037,suburban
2023-04-13 14:53:57 CDT,67.6,64.33506995588,44.8500148,-93.4912966,suburban
2023-04-13 14:53:58 CDT,69.5,64.33506995588,44.8500148,-93.4912966,suburban
2023-04-13 14:53:59 CDT,68.2,63.149710976,44.8500396,-93.4905862,suburban
2023-04-13 14:54:00 CDT,65.3,63.149710976,44.8500396,-93.4905862,suburban
2023-04-13 14:54:01 CDT,65.6,62.76882720220001,44.8500656,-93.4898799,suburban
2023-04-13 14:54:02 CDT,60.8,62.76882720220001,44.8500656,-93.4898799,suburban
2023-04-13 14:54:03 CDT,62.6,63.08133890490001,44.8501004,-93.4891727,suburban
2023-04-13 14:54:04 CDT,69.4,63.08133890490001,44.8501004,-93.4891727,suburban
2023-04-13 14:54:05 CDT,65.9,63.7518393005,44.85018,-93.4884647,suburban
2023-04-13 14:54:06 CDT,63.6,63.7518393005,44.85018,-93.4884647,suburban
2023-04-13 14:54:07 CDT,65.8,64.32235071504,44.8503081,-93.487769,suburban
2023-04-13 14:54:08 CDT,68.1,64.32235071504,44.8503081,-93.487769,suburban
2023-04-13 14:54:09 CDT,67.3,65.05084601708,44.8504795,-93.4870859,suburban
2023-04-13 14:54:10 CDT,70.7,65.05084601708,44.8504795,-93.4870859,suburban
2023-04-13 14:54:11 CDT,83.9,66.07196886216,44.8507015,-93.4864033,suburban
2023-04-13 14:54:12 CDT,91.7,66.07196886216,44.8507015,-93.4864033,suburban
2023-04-13 14:54:13 CDT,100.0,66.77797620638,44.850969,-93.4857501,suburban
2023-04-13 14:54:14 CDT,93.0,66.77797620638,44.850969,-93.4857501,suburban
2023-04-13 14:54:15 CDT,63.5,66.97438624920001,44.8512793,-93.4851283,suburban
2023-04-13 14:54:16 CDT,102.0,66.97438624920001,44.8512793,-93.4851283,suburban
2023-04-13 14:54:17 CDT,76.7,67.02631010048,44.8516259,-93.4845497,suburban
2023-04-13 14:54:18 CDT,93.4,67.02631010048,44.8516259,-93.4845497,suburban
2023-04-13 14:54:19 CDT,115.0,65.7446284842,44.8520083,-93.4840216,suburban
2023-04-13 14:54:20 CDT,127.0,65.7446284842,44.8520083,-93.4840216,suburban
2023-04-13 14:54:21 CDT,102.0,65.13006501024,44.8524112,-93.4835455,suburban
2023-04-13 14:54:22 CDT,125.0,65.13006501024,44.8524112,-93.4835455,suburban
2023-04-13 14:54:23 CDT,100.0,65.16129269264,44.8528359,-93.4831138,suburban
2023-04-13 14:54:24 CDT,61.1,65.16129269264,44.8528359,-93.4831138,suburban
2023-04-13 14:54:25 CDT,91.8,64.48159847364,44.8532769,-93.4827193,suburban
2023-04-13 14:54:26 CDT,127.0,64.48159847364,44.8532769,-93.4827193,suburban
2023-04-13 14:54:27 CDT,111.0,63.46049128714,44.8537167,-93.4823369,suburban
2023-04-13 14:54:28 CDT,101.0,63.46049128714,44.8537167,-93.4823369,suburban
2023-04-13 14:54:29 CDT,117.0,62.29917270144001,44.854146,-93.4819563,suburban
2023-04-13 14:54:30 CDT,125.0,62.29917270144001,44.854146,-93.4819563,suburban
2023-04-13 14:54:31 CDT,112.0,61.15177459336,44.8545648,-93.4815809,suburban
2023-04-13 14:54:32 CDT,103.0,61.15177459336,44.8545648,-93.4815809,suburban
2023-04-13 14:54:33 CDT,111.0,61.11421189688,44.8549771,-93.4812094,suburban
2023-04-13 14:54:34 CDT,94.0,61.11421189688,44.8549771,-93.4812094,suburban
2023-04-13 14:54:35 CDT,117.0,60.93760772082,44.8553896,-93.4808358,suburban
2023-04-13 14:54:36 CDT,122.0,60.93760772082,44.8553896,-93.4808358,suburban
2023-04-13 14:54:37 CDT,123.0,61.06542199854,44.8558061,-93.4804589,suburban
2023-04-13 14:54:38 CDT,121.0,61.06542199854,44.8558061,-93.4804589,suburban
2023-04-13 14:54:39 CDT,97.0,61.35026722732,44.8562189,-93.4800878,suburban
2023-04-26 23:44:52 CDT,64.9,66.07891903474001,45.0794881,-93.3906515,suburban
2023-04-26 23:44:53 CDT,65.6,66.07891903474001,45.0794881,-93.3906515,suburban
2023-04-26 23:44:54 CDT,57.9,66.34731156982001,45.0797064,-93.3913378,suburban
2023-04-26 23:44:55 CDT,27.3,66.34731156982001,45.0797064,-93.3913378,suburban
2023-04-26 23:44:56 CDT,2.85,66.68281677878001,45.0799277,-93.3920149,suburban
2023-04-26 23:44:57 CDT,77.2,66.68281677878001,45.0799277,-93.3920149,suburban
2023-04-26 23:44:58 CDT,73.8,66.90483083684,45.0801519,-93.3927117,suburban
2023-04-26 23:44:59 CDT,75.6,66.90483083684,45.0801519,-93.3927117,suburban
2023-04-26 23:45:00 CDT,84.3,66.4598453104,45.0803737,-93.393403,suburban
2023-04-26 23:45:01 CDT,82.1,66.4598453104,45.0803737,-93.393403,suburban
2023-04-26 23:45:02 CDT,86.0,65.99013936002001,45.0805931,-93.3940876,suburban
2023-04-26 23:45:03 CDT,85.7,65.99013936002001,45.0805931,-93.3940876,suburban
2023-04-26 23:45:04 CDT,74.9,66.03442629814,45.0808088,-93.3947601,suburban
2023-04-26 23:45:05 CDT,70.0,66.03442629814,45.0808088,-93.3947601,suburban
2023-04-26 23:45:06 CDT,49.1,66.05681806754001,45.0810305,-93.3954485,suburban
2023-04-26 23:45:07 CDT,44.2,66.05681806754001,45.0810305,-93.3954485,suburban
2023-04-26 23:45:08 CDT,68.9,66.3696854437,45.0812529,-93.3961321,suburban
2023-04-26 23:45:09 CDT,101.0,66.3696854437,45.0812529,-93.3961321,suburban
2023-04-26 23:45:10 CDT,101.0,66.5488084142,45.0814748,-93.3968192,suburban
2023-04-26 23:45:11 CDT,49.6,66.5488084142,45.0814748,-93.3968192,suburban
2023-04-26 23:45:12 CDT,20.8,66.79482931234,45.0816946,-93.3975023,suburban
