Bitrate,Time
33.3,2023-04-27 14:14:16 CDT
23.5,2023-04-27 14:14:17 CDT
7.69,2023-04-27 14:14:18 CDT
11.5,2023-04-27 14:14:19 CDT
16.9,2023-04-27 14:14:20 CDT
14.9,2023-04-27 14:14:21 CDT
16.6,2023-04-27 14:14:22 CDT
8.69,2023-04-27 14:14:23 CDT
12.2,2023-04-27 14:14:24 CDT
14.2,2023-04-27 14:14:25 CDT
1.01,2023-04-27 14:14:26 CDT
13.0,2023-04-27 14:14:27 CDT
7.59,2023-04-27 14:14:28 CDT
13.4,2023-04-27 14:14:29 CDT
14.3,2023-04-27 14:14:30 CDT
2.22,2023-04-27 14:14:31 CDT
0.0,2023-04-27 14:14:32 CDT
0.0,2023-04-27 14:14:33 CDT
0.0,2023-04-27 14:14:34 CDT
0.0,2023-04-27 14:14:35 CDT
0.0,2023-04-27 14:14:36 CDT
0.0,2023-04-27 14:14:37 CDT
0.0,2023-04-27 14:14:38 CDT
0.0,2023-04-27 14:14:39 CDT
0.0,2023-04-27 14:14:40 CDT
12.2,2023-04-27 14:14:41 CDT
16.7,2023-04-27 14:14:42 CDT
19.0,2023-04-27 14:14:43 CDT
21.7,2023-04-27 14:14:44 CDT
23.8,2023-04-27 14:14:45 CDT
23.7,2023-04-27 14:14:46 CDT
26.5,2023-04-27 14:14:47 CDT
25.6,2023-04-27 14:14:48 CDT
28.3,2023-04-27 14:14:49 CDT
35.7,2023-04-27 14:14:50 CDT
26.2,2023-04-27 14:14:51 CDT
24.0,2023-04-27 14:14:52 CDT
24.0,2023-04-27 14:14:53 CDT
27.5,2023-04-27 14:14:54 CDT
29.0,2023-04-27 14:14:55 CDT
1.88,2023-04-27 14:14:56 CDT
10.6,2023-04-27 14:14:57 CDT
25.2,2023-04-27 14:14:58 CDT
23.7,2023-04-27 14:14:59 CDT
23.4,2023-04-27 14:15:00 CDT
25.9,2023-04-27 14:15:01 CDT
25.8,2023-04-27 14:15:02 CDT
27.8,2023-04-27 14:15:03 CDT
26.0,2023-04-27 14:15:04 CDT
10.5,2023-04-27 14:15:05 CDT
17.3,2023-04-27 14:15:06 CDT
27.2,2023-04-27 14:15:07 CDT
25.9,2023-04-27 14:15:08 CDT
29.7,2023-04-27 14:15:09 CDT
13.8,2023-04-27 14:15:10 CDT
8.86,2023-04-27 14:15:11 CDT
20.6,2023-04-27 14:15:12 CDT
15.0,2023-04-27 14:15:13 CDT
15.7,2023-04-27 14:15:14 CDT
8.96,2023-04-27 14:15:15 CDT
15.2,2023-04-27 14:15:16 CDT
16.2,2023-04-27 14:15:17 CDT
18.6,2023-04-27 14:15:18 CDT
22.2,2023-04-27 14:15:19 CDT
10.2,2023-04-27 14:15:20 CDT
16.1,2023-04-27 14:15:21 CDT
18.7,2023-04-27 14:15:22 CDT
2.73,2023-04-27 14:15:23 CDT
5.29,2023-04-27 14:15:24 CDT
6.48,2023-04-27 14:15:25 CDT
0.521,2023-04-27 14:15:26 CDT
7.78,2023-04-27 14:15:27 CDT
10.8,2023-04-27 14:15:28 CDT
10.4,2023-04-27 14:15:29 CDT
7.4,2023-04-27 14:15:30 CDT
7.71,2023-04-27 14:15:31 CDT
6.42,2023-04-27 14:15:32 CDT
7.45,2023-04-27 14:15:33 CDT
7.97,2023-04-27 14:15:34 CDT
6.42,2023-04-27 14:15:35 CDT
9.34,2023-04-27 14:15:36 CDT
1.8,2023-04-27 14:15:37 CDT
0.0,2023-04-27 14:15:38 CDT
0.0,2023-04-27 14:15:39 CDT
0.0,2023-04-27 14:15:40 CDT
0.0347,2023-04-27 14:15:41 CDT
6.09,2023-04-27 14:15:42 CDT
12.1,2023-04-27 14:15:43 CDT
14.4,2023-04-27 14:15:44 CDT
19.8,2023-04-27 14:15:45 CDT
25.0,2023-04-27 14:15:46 CDT
40.7,2023-04-27 14:15:47 CDT
42.5,2023-04-27 14:15:48 CDT
7.88,2023-04-27 14:15:49 CDT
15.8,2023-04-27 14:15:50 CDT
25.6,2023-04-27 14:15:51 CDT
33.0,2023-04-27 14:15:52 CDT
42.0,2023-04-27 14:15:53 CDT
11.2,2023-04-27 14:15:54 CDT
32.1,2023-04-27 14:15:55 CDT
33.7,2023-04-27 14:15:56 CDT
30.8,2023-04-27 14:15:57 CDT
32.1,2023-04-27 14:15:58 CDT
11.1,2023-04-27 14:15:59 CDT
24.4,2023-04-27 14:16:00 CDT
14.5,2023-04-27 14:16:01 CDT
17.4,2023-04-27 14:16:02 CDT
16.0,2023-04-27 14:16:03 CDT
9.59,2023-04-27 14:16:04 CDT
9.86,2023-04-27 14:16:05 CDT
16.0,2023-04-27 14:16:06 CDT
21.9,2023-04-27 14:16:07 CDT
22.2,2023-04-27 14:16:08 CDT
4.25,2023-04-27 14:16:09 CDT
21.6,2023-04-27 14:16:10 CDT
20.9,2023-04-27 14:16:11 CDT
25.5,2023-04-27 14:16:12 CDT
27.5,2023-04-27 14:16:13 CDT
11.1,2023-04-27 14:16:14 CDT
18.0,2023-04-27 14:16:15 CDT
27.2,2023-04-27 14:16:16 CDT
31.6,2023-04-27 14:16:17 CDT
33.4,2023-04-27 14:16:18 CDT
11.6,2023-04-27 14:16:19 CDT
17.4,2023-04-27 14:16:20 CDT
24.6,2023-04-27 14:16:21 CDT
23.0,2023-04-27 14:16:22 CDT
24.4,2023-04-27 14:16:23 CDT
19.4,2023-04-27 14:16:24 CDT
20.1,2023-04-27 14:16:25 CDT
4.83,2023-04-27 14:16:26 CDT
12.5,2023-04-27 14:16:27 CDT
13.4,2023-04-27 14:16:28 CDT
15.8,2023-04-27 14:16:29 CDT
16.3,2023-04-27 14:16:30 CDT
15.8,2023-04-27 14:16:31 CDT
19.5,2023-04-27 14:16:32 CDT
2.14,2023-04-27 14:16:33 CDT
7.01,2023-04-27 14:16:34 CDT
6.27,2023-04-27 14:16:35 CDT
11.5,2023-04-27 14:16:36 CDT
9.77,2023-04-27 14:16:37 CDT
12.5,2023-04-27 14:16:38 CDT
14.8,2023-04-27 14:16:39 CDT
6.56,2023-04-27 14:16:40 CDT
0.718,2023-04-27 14:16:41 CDT
13.6,2023-04-27 14:16:42 CDT
31.2,2023-04-27 14:16:43 CDT
51.4,2023-04-27 14:16:44 CDT
19.0,2023-04-27 14:16:45 CDT
33.2,2023-04-27 14:16:46 CDT
47.6,2023-04-27 14:16:47 CDT
61.7,2023-04-27 14:16:48 CDT
65.7,2023-04-27 14:16:49 CDT
14.9,2023-04-27 14:16:50 CDT
0.0,2023-04-27 14:16:51 CDT
0.0,2023-04-27 14:16:52 CDT
0.0,2023-04-27 14:16:53 CDT
0.0,2023-04-27 14:16:54 CDT
0.0,2023-04-27 14:16:55 CDT
0.0,2023-04-27 14:16:56 CDT
0.0,2023-04-27 14:16:57 CDT
0.0,2023-04-27 14:16:58 CDT
0.0,2023-04-27 14:16:59 CDT
0.0,2023-04-27 14:17:00 CDT
0.0,2023-04-27 14:17:01 CDT
0.0,2023-04-27 14:17:02 CDT
0.0,2023-04-27 14:17:03 CDT
0.0,2023-04-27 14:17:04 CDT
0.0,2023-04-27 14:17:05 CDT
0.0,2023-04-27 14:17:06 CDT
0.0,2023-04-27 14:17:07 CDT
0.0,2023-04-27 14:17:08 CDT
0.0,2023-04-27 14:17:09 CDT
0.0,2023-04-27 14:17:10 CDT
0.0,2023-04-27 14:17:11 CDT
0.544,2023-04-27 14:17:12 CDT
10.1,2023-04-27 14:17:13 CDT
13.0,2023-04-27 14:17:14 CDT
7.84,2023-04-27 14:17:15 CDT
18.2,2023-04-27 14:17:16 CDT
10.8,2023-04-27 14:17:17 CDT
18.4,2023-04-27 14:17:18 CDT
22.0,2023-04-27 14:17:19 CDT
12.7,2023-04-27 14:17:20 CDT
7.37,2023-04-27 14:17:21 CDT
6.35,2023-04-27 14:17:22 CDT
8.74,2023-04-27 14:17:23 CDT
4.22,2023-04-27 14:17:24 CDT
5.61,2023-04-27 14:17:25 CDT
0.748,2023-04-27 14:17:26 CDT
3.56,2023-04-27 14:17:27 CDT
7.32,2023-04-27 14:17:28 CDT
10.9,2023-04-27 14:17:29 CDT
10.0,2023-04-27 14:17:30 CDT
10.2,2023-04-27 14:17:31 CDT
5.48,2023-04-27 14:17:32 CDT
10.4,2023-04-27 14:17:33 CDT
9.55,2023-04-27 14:17:34 CDT
5.19,2023-04-27 14:17:35 CDT
0.0,2023-04-27 14:17:36 CDT
0.0,2023-04-27 14:17:37 CDT
0.0,2023-04-27 14:17:38 CDT
0.0,2023-04-27 14:17:39 CDT
0.0,2023-04-27 14:17:40 CDT
0.0,2023-04-27 14:17:41 CDT
0.0,2023-04-27 14:17:42 CDT
0.0,2023-04-27 14:17:43 CDT
0.0,2023-04-27 14:17:44 CDT
0.857,2023-04-27 14:17:45 CDT
0.0,2023-04-27 14:17:46 CDT
0.0,2023-04-27 14:17:47 CDT
0.0,2023-04-27 14:17:48 CDT
0.0,2023-04-27 14:17:49 CDT
0.0,2023-04-27 14:17:50 CDT
0.0,2023-04-27 14:17:51 CDT
0.0,2023-04-27 14:17:52 CDT
0.0,2023-04-27 14:17:53 CDT
0.0,2023-04-27 14:17:54 CDT
0.0,2023-04-27 14:17:55 CDT
0.0,2023-04-27 14:17:56 CDT
0.0116,2023-04-27 14:17:57 CDT
1.03,2023-04-27 14:17:58 CDT
0.0,2023-04-27 14:17:59 CDT
0.0,2023-04-27 14:18:00 CDT
0.0,2023-04-27 14:18:01 CDT
0.0,2023-04-27 14:18:02 CDT
0.0,2023-04-27 14:18:03 CDT
0.0,2023-04-27 14:18:04 CDT
0.0,2023-04-27 14:18:05 CDT
0.0,2023-04-27 14:18:06 CDT
0.0,2023-04-27 14:18:07 CDT
0.0,2023-04-27 14:18:08 CDT
0.0,2023-04-27 14:18:09 CDT
0.0,2023-04-27 14:18:10 CDT
0.0,2023-04-27 14:18:11 CDT
0.0,2023-04-27 14:18:12 CDT
0.0,2023-04-27 14:18:13 CDT
0.0,2023-04-27 14:18:14 CDT
0.0,2023-04-27 14:18:15 CDT
0.0,2023-04-27 14:18:16 CDT
0.0,2023-04-27 14:18:17 CDT
0.0,2023-04-27 14:18:18 CDT
0.0,2023-04-27 14:18:19 CDT
0.0,2023-04-27 14:18:20 CDT
0.0,2023-04-27 14:18:21 CDT
0.0,2023-04-27 14:18:22 CDT
0.0,2023-04-27 14:18:23 CDT
0.0,2023-04-27 14:18:24 CDT
0.0,2023-04-27 14:18:25 CDT
0.0,2023-04-27 14:18:26 CDT
0.0,2023-04-27 14:18:27 CDT
0.0,2023-04-27 14:18:28 CDT
0.0,2023-04-27 14:18:29 CDT
0.0,2023-04-27 14:18:30 CDT
0.0,2023-04-27 14:18:31 CDT
0.0,2023-04-27 14:18:32 CDT
0.0,2023-04-27 14:18:33 CDT
0.0,2023-04-27 14:18:34 CDT
0.0,2023-04-27 14:18:35 CDT
0.0,2023-04-27 14:18:36 CDT
0.0,2023-04-27 14:18:37 CDT
0.0,2023-04-27 14:18:38 CDT
0.0,2023-04-27 14:18:39 CDT
0.0,2023-04-27 14:18:40 CDT
0.0,2023-04-27 14:18:41 CDT
0.0,2023-04-27 14:18:42 CDT
0.0,2023-04-27 14:18:43 CDT
0.0,2023-04-27 14:18:44 CDT
0.0,2023-04-27 14:18:45 CDT
0.0,2023-04-27 14:18:46 CDT
0.0,2023-04-27 14:18:47 CDT
0.0,2023-04-27 14:18:48 CDT
0.0,2023-04-27 14:18:49 CDT
0.0,2023-04-27 14:18:50 CDT
0.0,2023-04-27 14:18:51 CDT
0.556,2023-04-27 14:18:52 CDT
2.43,2023-04-27 14:18:53 CDT
3.07,2023-04-27 14:18:54 CDT
2.91,2023-04-27 14:18:55 CDT
4.52,2023-04-27 14:18:56 CDT
5.44,2023-04-27 14:18:57 CDT
7.14,2023-04-27 14:18:58 CDT
8.64,2023-04-27 14:18:59 CDT
11.4,2023-04-27 14:19:00 CDT
6.9,2023-04-27 14:19:01 CDT
11.4,2023-04-27 14:19:02 CDT
33.0,2023-04-27 14:19:03 CDT
50.9,2023-04-27 14:19:04 CDT
37.7,2023-04-27 14:19:05 CDT
10.7,2023-04-27 14:19:06 CDT
27.9,2023-04-27 14:19:07 CDT
35.6,2023-04-27 14:19:08 CDT
21.2,2023-04-27 14:19:09 CDT
14.5,2023-04-27 14:19:10 CDT
0.533,2023-04-27 14:19:11 CDT
0.0,2023-04-27 14:19:12 CDT
0.0,2023-04-27 14:19:13 CDT
0.0,2023-04-27 14:19:14 CDT
0.0,2023-04-27 14:19:15 CDT
0.0,2023-04-27 14:19:16 CDT
0.0,2023-04-27 14:19:17 CDT
0.0,2023-04-27 14:19:18 CDT
0.0,2023-04-27 14:19:19 CDT
0.0,2023-04-27 14:19:20 CDT
0.0,2023-04-27 14:19:21 CDT
0.0,2023-04-27 14:19:22 CDT
0.0,2023-04-27 14:19:23 CDT
0.0,2023-04-27 14:19:24 CDT
0.0,2023-04-27 14:19:25 CDT
0.0,2023-04-27 14:19:26 CDT
0.0,2023-04-27 14:19:27 CDT
12.5,2023-04-27 14:19:28 CDT
19.4,2023-04-27 14:19:29 CDT
23.5,2023-04-27 14:19:30 CDT
8.27,2023-04-27 14:19:31 CDT
15.8,2023-04-27 14:19:32 CDT
20.3,2023-04-27 14:19:33 CDT
23.3,2023-04-27 14:19:34 CDT
25.0,2023-04-27 14:19:35 CDT
7.53,2023-04-27 14:19:36 CDT
10.9,2023-04-27 14:19:37 CDT
14.7,2023-04-27 14:19:38 CDT
18.9,2023-04-27 14:19:39 CDT
21.2,2023-04-27 14:19:40 CDT
1.4,2023-04-27 14:19:41 CDT
15.3,2023-04-27 14:19:42 CDT
20.6,2023-04-27 14:19:43 CDT
22.5,2023-04-27 14:19:44 CDT
20.7,2023-04-27 14:19:45 CDT
8.11,2023-04-27 14:19:46 CDT
11.3,2023-04-27 14:19:47 CDT
14.9,2023-04-27 14:19:48 CDT
14.9,2023-04-27 14:19:49 CDT
14.8,2023-04-27 14:19:50 CDT
16.4,2023-04-27 14:19:51 CDT
16.6,2023-04-27 14:19:52 CDT
18.2,2023-04-27 14:19:53 CDT
20.1,2023-04-27 14:19:54 CDT
22.7,2023-04-27 14:19:55 CDT
1.69,2023-04-27 14:19:56 CDT
14.0,2023-04-27 14:19:57 CDT
17.4,2023-04-27 14:19:58 CDT
9.16,2023-04-27 14:19:59 CDT
12.0,2023-04-27 14:20:00 CDT
12.2,2023-04-27 14:20:01 CDT
13.5,2023-04-27 14:20:02 CDT
15.1,2023-04-27 14:20:03 CDT
5.97,2023-04-27 14:20:04 CDT
5.77,2023-04-27 14:20:05 CDT
9.19,2023-04-27 14:20:06 CDT
9.78,2023-04-27 14:20:07 CDT
6.64,2023-04-27 14:20:08 CDT
0.0,2023-04-27 14:20:09 CDT
0.0,2023-04-27 14:20:10 CDT
0.0,2023-04-27 14:20:11 CDT
0.0,2023-04-27 14:20:12 CDT
0.104,2023-04-27 14:20:13 CDT
3.9,2023-04-27 14:20:14 CDT
4.25,2023-04-27 14:20:15 CDT
1.92,2023-04-27 14:20:16 CDT
5.63,2023-04-27 14:20:17 CDT
6.88,2023-04-27 14:20:18 CDT
7.21,2023-04-27 14:20:19 CDT
8.28,2023-04-27 14:20:20 CDT
7.08,2023-04-27 14:20:21 CDT
9.08,2023-04-27 14:20:22 CDT
5.37,2023-04-27 14:20:23 CDT
8.55,2023-04-27 14:20:24 CDT
8.58,2023-04-27 14:20:25 CDT
5.53,2023-04-27 14:20:26 CDT
11.1,2023-04-27 14:20:27 CDT
5.6,2023-04-27 14:20:28 CDT
11.9,2023-04-27 14:20:29 CDT
7.91,2023-04-27 14:20:30 CDT
11.3,2023-04-27 14:20:31 CDT
14.3,2023-04-27 14:20:32 CDT
9.3,2023-04-27 14:20:33 CDT
16.1,2023-04-27 14:20:34 CDT
17.7,2023-04-27 14:20:35 CDT
19.1,2023-04-27 14:20:36 CDT
18.7,2023-04-27 14:20:37 CDT
9.81,2023-04-27 14:20:38 CDT
17.0,2023-04-27 14:20:39 CDT
18.6,2023-04-27 14:20:40 CDT
3.96,2023-04-27 14:20:41 CDT
7.49,2023-04-27 14:20:42 CDT
4.4,2023-04-27 14:20:43 CDT
5.18,2023-04-27 14:20:44 CDT
7.65,2023-04-27 14:20:45 CDT
9.07,2023-04-27 14:20:46 CDT
7.06,2023-04-27 14:20:47 CDT
9.6,2023-04-27 14:20:48 CDT
8.05,2023-04-27 14:20:49 CDT
3.09,2023-04-27 14:20:50 CDT
5.13,2023-04-27 14:20:51 CDT
7.58,2023-04-27 14:20:52 CDT
3.74,2023-04-27 14:20:53 CDT
5.49,2023-04-27 14:20:54 CDT
10.1,2023-04-27 14:20:55 CDT
2.81,2023-04-27 14:20:56 CDT
5.86,2023-04-27 14:20:57 CDT
3.43,2023-04-27 14:20:58 CDT
4.25,2023-04-27 14:20:59 CDT
5.28,2023-04-27 14:21:00 CDT
8.53,2023-04-27 14:21:01 CDT
9.39,2023-04-27 14:21:02 CDT
5.49,2023-04-27 14:21:03 CDT
7.32,2023-04-27 14:21:04 CDT
9.33,2023-04-27 14:21:05 CDT
14.7,2023-04-27 14:21:06 CDT
14.0,2023-04-27 14:21:07 CDT
7.91,2023-04-27 14:21:08 CDT
15.5,2023-04-27 14:21:09 CDT
12.8,2023-04-27 14:21:10 CDT
0.637,2023-04-27 14:21:11 CDT
11.3,2023-04-27 14:21:12 CDT
17.8,2023-04-27 14:21:13 CDT
26.5,2023-04-27 14:21:14 CDT
23.4,2023-04-27 14:21:15 CDT
29.5,2023-04-27 14:21:16 CDT
9.28,2023-04-27 14:21:17 CDT
16.9,2023-04-27 14:21:18 CDT
28.5,2023-04-27 14:21:19 CDT
27.4,2023-04-27 14:21:20 CDT
24.7,2023-04-27 14:21:21 CDT
10.6,2023-04-27 14:21:22 CDT
18.4,2023-04-27 14:21:23 CDT
19.3,2023-04-27 14:21:24 CDT
24.5,2023-04-27 14:21:25 CDT
1.96,2023-04-27 14:21:26 CDT
8.76,2023-04-27 14:21:27 CDT
17.4,2023-04-27 14:21:28 CDT
19.8,2023-04-27 14:21:29 CDT
25.1,2023-04-27 14:21:30 CDT
21.7,2023-04-27 14:21:31 CDT
15.6,2023-04-27 14:21:32 CDT
16.2,2023-04-27 14:21:33 CDT
21.3,2023-04-27 14:21:34 CDT
16.2,2023-04-27 14:21:35 CDT
20.4,2023-04-27 14:21:36 CDT
24.4,2023-04-27 14:21:37 CDT
28.4,2023-04-27 14:21:38 CDT
33.8,2023-04-27 14:21:39 CDT
35.5,2023-04-27 14:21:40 CDT
0.0,2023-04-27 14:21:41 CDT
9.5,2023-04-27 14:21:42 CDT
22.9,2023-04-27 14:21:43 CDT
26.6,2023-04-27 14:21:44 CDT
15.5,2023-04-27 14:21:45 CDT
6.38,2023-04-27 14:21:46 CDT
6.65,2023-04-27 14:21:47 CDT
12.2,2023-04-27 14:21:48 CDT
15.8,2023-04-27 14:21:49 CDT
21.3,2023-04-27 14:21:50 CDT
26.8,2023-04-27 14:21:51 CDT
25.2,2023-04-27 14:21:52 CDT
23.2,2023-04-27 14:21:53 CDT
24.4,2023-04-27 14:21:54 CDT
24.2,2023-04-27 14:21:55 CDT
5.85,2023-04-27 14:21:56 CDT
11.7,2023-04-27 14:21:57 CDT
0.0,2023-04-27 14:21:58 CDT
2.3,2023-04-27 14:21:59 CDT
15.4,2023-04-27 14:22:00 CDT
19.1,2023-04-27 14:22:01 CDT
0.0,2023-04-27 14:22:02 CDT
0.0,2023-04-27 14:22:03 CDT
0.0,2023-04-27 14:22:04 CDT
0.0,2023-04-27 14:22:05 CDT
0.0,2023-04-27 14:22:06 CDT
0.0,2023-04-27 14:22:07 CDT
0.0,2023-04-27 14:22:08 CDT
0.0,2023-04-27 14:22:09 CDT
0.0,2023-04-27 14:22:10 CDT
0.29,2023-04-27 14:22:11 CDT
2.12,2023-04-27 14:22:12 CDT
2.21,2023-04-27 14:22:13 CDT
2.11,2023-04-27 14:22:14 CDT
0.556,2023-04-27 14:22:15 CDT
35.6,2023-04-27 13:54:15 CDT
63.9,2023-04-27 13:54:16 CDT
54.5,2023-04-27 13:54:17 CDT
42.7,2023-04-27 13:54:18 CDT
38.9,2023-04-27 13:54:19 CDT
43.9,2023-04-27 13:54:20 CDT
44.7,2023-04-27 13:54:21 CDT
45.0,2023-04-27 13:54:22 CDT
48.7,2023-04-27 13:54:23 CDT
52.0,2023-04-27 13:54:24 CDT
44.8,2023-04-27 13:54:25 CDT
30.5,2023-04-27 13:54:26 CDT
28.7,2023-04-27 13:54:27 CDT
23.9,2023-04-27 13:54:28 CDT
18.7,2023-04-27 13:54:29 CDT
16.4,2023-04-27 13:54:30 CDT
13.3,2023-04-27 13:54:31 CDT
16.0,2023-04-27 13:54:32 CDT
10.2,2023-04-27 13:54:33 CDT
6.66,2023-04-27 13:54:34 CDT
7.31,2023-04-27 13:54:35 CDT
6.35,2023-04-27 13:54:36 CDT
6.74,2023-04-27 13:54:37 CDT
5.68,2023-04-27 13:54:38 CDT
6.14,2023-04-27 13:54:39 CDT
2.91,2023-04-27 13:54:40 CDT
3.28,2023-04-27 13:54:41 CDT
4.96,2023-04-27 13:54:42 CDT
3.22,2023-04-27 13:54:43 CDT
5.91,2023-04-27 13:54:44 CDT
10.1,2023-04-27 13:54:45 CDT
7.47,2023-04-27 13:54:46 CDT
10.8,2023-04-27 13:54:47 CDT
14.2,2023-04-27 13:54:48 CDT
16.8,2023-04-27 13:54:49 CDT
19.9,2023-04-27 13:54:50 CDT
23.8,2023-04-27 13:54:51 CDT
24.8,2023-04-27 13:54:52 CDT
29.1,2023-04-27 13:54:53 CDT
39.2,2023-04-27 13:54:54 CDT
58.3,2023-04-27 13:54:55 CDT
33.5,2023-04-27 13:54:56 CDT
45.0,2023-04-27 13:54:57 CDT
19.0,2023-04-27 13:54:58 CDT
17.8,2023-04-27 13:54:59 CDT
17.7,2023-04-27 13:55:00 CDT
24.5,2023-04-27 13:55:01 CDT
9.27,2023-04-27 13:55:02 CDT
17.6,2023-04-27 13:55:03 CDT
15.0,2023-04-27 13:55:04 CDT
16.2,2023-04-27 13:55:05 CDT
22.8,2023-04-27 13:55:06 CDT
25.5,2023-04-27 13:55:07 CDT
22.6,2023-04-27 13:55:08 CDT
27.6,2023-04-27 13:55:09 CDT
19.9,2023-04-27 13:55:10 CDT
20.6,2023-04-27 13:55:11 CDT
25.6,2023-04-27 13:55:12 CDT
24.9,2023-04-27 13:55:13 CDT
25.4,2023-04-27 13:55:14 CDT
31.6,2023-04-27 13:55:15 CDT
34.5,2023-04-27 13:55:16 CDT
39.5,2023-04-27 13:55:17 CDT
12.7,2023-04-27 13:55:18 CDT
30.3,2023-04-27 13:55:19 CDT
36.6,2023-04-27 13:55:20 CDT
26.3,2023-04-27 13:55:21 CDT
16.5,2023-04-27 13:55:22 CDT
7.14,2023-04-27 13:55:23 CDT
9.64,2023-04-27 13:55:24 CDT
10.2,2023-04-27 13:55:25 CDT
5.65,2023-04-27 13:55:26 CDT
7.05,2023-04-27 13:55:27 CDT
4.17,2023-04-27 13:55:28 CDT
5.0,2023-04-27 13:55:29 CDT
4.16,2023-04-27 13:55:30 CDT
5.56,2023-04-27 13:55:31 CDT
6.99,2023-04-27 13:55:32 CDT
6.29,2023-04-27 13:55:33 CDT
5.06,2023-04-27 13:55:34 CDT
4.51,2023-04-27 13:55:35 CDT
6.87,2023-04-27 13:55:36 CDT
6.77,2023-04-27 13:55:37 CDT
6.41,2023-04-27 13:55:38 CDT
9.47,2023-04-27 13:55:39 CDT
14.2,2023-04-27 13:55:40 CDT
13.3,2023-04-27 13:55:41 CDT
14.3,2023-04-27 13:55:42 CDT
10.5,2023-04-27 13:55:43 CDT
10.7,2023-04-27 13:55:44 CDT
12.2,2023-04-27 13:55:45 CDT
14.9,2023-04-27 13:55:46 CDT
16.1,2023-04-27 13:55:47 CDT
9.15,2023-04-27 13:55:48 CDT
13.4,2023-04-27 13:55:49 CDT
7.04,2023-04-27 13:55:50 CDT
9.56,2023-04-27 13:55:51 CDT
14.6,2023-04-27 13:55:52 CDT
14.8,2023-04-27 13:55:53 CDT
15.1,2023-04-27 13:55:54 CDT
15.3,2023-04-27 13:55:55 CDT
10.4,2023-04-27 13:55:56 CDT
9.5,2023-04-27 13:55:57 CDT
13.3,2023-04-27 13:55:58 CDT
9.72,2023-04-27 13:55:59 CDT
8.66,2023-04-27 13:56:00 CDT
11.8,2023-04-27 13:56:01 CDT
9.78,2023-04-27 13:56:02 CDT
17.7,2023-04-27 13:56:03 CDT
22.3,2023-04-27 13:56:04 CDT
18.9,2023-04-27 13:56:05 CDT
14.3,2023-04-27 13:56:06 CDT
11.7,2023-04-27 13:56:07 CDT
11.9,2023-04-27 13:56:08 CDT
7.62,2023-04-27 13:56:09 CDT
5.13,2023-04-27 13:56:10 CDT
5.47,2023-04-27 13:56:11 CDT
5.6,2023-04-27 13:56:12 CDT
4.07,2023-04-27 13:56:13 CDT
3.77,2023-04-27 13:56:14 CDT
3.09,2023-04-27 13:56:15 CDT
3.99,2023-04-27 13:56:16 CDT
3.41,2023-04-27 13:56:17 CDT
7.82,2023-04-27 13:56:18 CDT
5.54,2023-04-27 13:56:19 CDT
7.16,2023-04-27 13:56:20 CDT
7.87,2023-04-27 13:56:21 CDT
4.5,2023-04-27 13:56:22 CDT
2.92,2023-04-27 13:56:23 CDT
6.19,2023-04-27 13:56:24 CDT
5.49,2023-04-27 13:56:25 CDT
2.25,2023-04-27 13:56:26 CDT
3.64,2023-04-27 13:56:27 CDT
2.7,2023-04-27 13:56:28 CDT
1.59,2023-04-27 13:56:29 CDT
1.49,2023-04-27 13:56:30 CDT
1.83,2023-04-27 13:56:31 CDT
1.83,2023-04-27 13:56:32 CDT
1.25,2023-04-27 13:56:33 CDT
1.52,2023-04-27 13:56:34 CDT
0.684,2023-04-27 13:56:35 CDT
0.741,2023-04-27 13:56:36 CDT
1.18,2023-04-27 13:56:37 CDT
1.01,2023-04-27 13:56:38 CDT
1.17,2023-04-27 13:56:39 CDT
0.995,2023-04-27 13:56:40 CDT
0.916,2023-04-27 13:56:41 CDT
2.64,2023-04-27 13:56:42 CDT
3.92,2023-04-27 13:56:43 CDT
6.27,2023-04-27 13:56:44 CDT
6.9,2023-04-27 13:56:45 CDT
10.4,2023-04-27 13:56:46 CDT
11.3,2023-04-27 13:56:47 CDT
17.2,2023-04-27 13:56:48 CDT
24.7,2023-04-27 13:56:49 CDT
18.7,2023-04-27 13:56:50 CDT
18.8,2023-04-27 13:56:51 CDT
26.3,2023-04-27 13:56:52 CDT
25.9,2023-04-27 13:56:53 CDT
36.7,2023-04-27 13:56:54 CDT
49.0,2023-04-27 13:56:55 CDT
32.9,2023-04-27 13:56:56 CDT
13.4,2023-04-27 13:56:57 CDT
5.48,2023-04-27 13:56:58 CDT
6.36,2023-04-27 13:56:59 CDT
4.25,2023-04-27 13:57:00 CDT
4.74,2023-04-27 13:57:01 CDT
3.65,2023-04-27 13:57:02 CDT
3.29,2023-04-27 13:57:03 CDT
1.45,2023-04-27 13:57:04 CDT
0.674,2023-04-27 13:57:05 CDT
3.98,2023-04-27 13:57:06 CDT
5.05,2023-04-27 13:57:07 CDT
4.91,2023-04-27 13:57:08 CDT
6.17,2023-04-27 13:57:09 CDT
4.56,2023-04-27 13:57:10 CDT
3.49,2023-04-27 13:57:11 CDT
7.58,2023-04-27 13:57:12 CDT
6.98,2023-04-27 13:57:13 CDT
12.9,2023-04-27 13:57:14 CDT
14.9,2023-04-27 13:57:15 CDT
13.9,2023-04-27 13:57:16 CDT
17.4,2023-04-27 13:57:17 CDT
6.93,2023-04-27 13:57:18 CDT
20.2,2023-04-27 13:57:19 CDT
24.0,2023-04-27 13:57:20 CDT
26.6,2023-04-27 13:57:21 CDT
32.2,2023-04-27 13:57:22 CDT
51.6,2023-04-27 13:57:23 CDT
55.5,2023-04-27 13:57:24 CDT
27.6,2023-04-27 13:57:25 CDT
1.71,2023-04-27 13:57:26 CDT
1.22,2023-04-27 13:57:27 CDT
4.56,2023-04-27 13:57:28 CDT
3.35,2023-04-27 13:57:29 CDT
7.16,2023-04-27 13:57:30 CDT
9.48,2023-04-27 13:57:31 CDT
11.2,2023-04-27 13:57:32 CDT
6.33,2023-04-27 13:57:33 CDT
6.29,2023-04-27 13:57:34 CDT
10.6,2023-04-27 13:57:35 CDT
10.4,2023-04-27 13:57:36 CDT
6.12,2023-04-27 13:57:37 CDT
9.9,2023-04-27 13:57:38 CDT
14.7,2023-04-27 13:57:39 CDT
18.3,2023-04-27 13:57:40 CDT
0.243,2023-04-27 13:57:41 CDT
0.453,2023-04-27 13:57:42 CDT
8.02,2023-04-27 13:57:43 CDT
5.73,2023-04-27 13:57:44 CDT
9.42,2023-04-27 13:57:45 CDT
12.7,2023-04-27 13:57:46 CDT
14.3,2023-04-27 13:57:47 CDT
13.6,2023-04-27 13:57:48 CDT
6.57,2023-04-27 13:57:49 CDT
9.84,2023-04-27 13:57:50 CDT
13.0,2023-04-27 13:57:51 CDT
12.7,2023-04-27 13:57:52 CDT
17.8,2023-04-27 13:57:53 CDT
7.15,2023-04-27 13:57:54 CDT
8.18,2023-04-27 13:57:55 CDT
11.2,2023-04-27 13:57:56 CDT
14.4,2023-04-27 13:57:57 CDT
14.6,2023-04-27 13:57:58 CDT
8.73,2023-04-27 13:57:59 CDT
12.1,2023-04-27 13:58:00 CDT
16.2,2023-04-27 13:58:01 CDT
18.1,2023-04-27 13:58:02 CDT
17.7,2023-04-27 13:58:03 CDT
9.32,2023-04-27 13:58:04 CDT
13.8,2023-04-27 13:58:05 CDT
15.0,2023-04-27 13:58:06 CDT
19.5,2023-04-27 13:58:07 CDT
21.9,2023-04-27 13:58:08 CDT
27.1,2023-04-27 13:58:09 CDT
29.6,2023-04-27 13:58:10 CDT
14.8,2023-04-27 13:58:11 CDT
27.4,2023-04-27 13:58:12 CDT
24.8,2023-04-27 13:58:13 CDT
9.3,2023-04-27 13:58:14 CDT
14.4,2023-04-27 13:58:15 CDT
22.0,2023-04-27 13:58:16 CDT
18.0,2023-04-27 13:58:17 CDT
24.5,2023-04-27 13:58:18 CDT
23.4,2023-04-27 13:58:19 CDT
22.3,2023-04-27 13:58:20 CDT
21.9,2023-04-27 13:58:21 CDT
19.1,2023-04-27 13:58:22 CDT
20.7,2023-04-27 13:58:23 CDT
15.3,2023-04-27 13:58:24 CDT
10.8,2023-04-27 13:58:25 CDT
15.3,2023-04-27 13:58:26 CDT
18.2,2023-04-27 13:58:27 CDT
20.1,2023-04-27 13:58:28 CDT
19.5,2023-04-27 13:58:29 CDT
22.7,2023-04-27 13:58:30 CDT
12.7,2023-04-27 13:58:31 CDT
0.0,2023-04-27 13:58:32 CDT
12.3,2023-04-27 13:58:33 CDT
21.4,2023-04-27 13:58:34 CDT
26.1,2023-04-27 13:58:35 CDT
23.1,2023-04-27 13:58:36 CDT
27.7,2023-04-27 13:58:37 CDT
31.9,2023-04-27 13:58:38 CDT
33.1,2023-04-27 13:58:39 CDT
27.5,2023-04-27 13:58:40 CDT
6.14,2023-04-27 13:58:41 CDT
9.01,2023-04-27 13:58:42 CDT
19.9,2023-04-27 13:58:43 CDT
12.5,2023-04-27 13:58:44 CDT
17.1,2023-04-27 13:58:45 CDT
19.9,2023-04-27 13:58:46 CDT
19.7,2023-04-27 13:58:47 CDT
20.4,2023-04-27 13:58:48 CDT
21.3,2023-04-27 13:58:49 CDT
21.4,2023-04-27 13:58:50 CDT
25.3,2023-04-27 13:58:51 CDT
28.5,2023-04-27 13:58:52 CDT
28.9,2023-04-27 13:58:53 CDT
32.2,2023-04-27 13:58:54 CDT
37.0,2023-04-27 13:58:55 CDT
1.44,2023-04-27 13:58:56 CDT
12.2,2023-04-27 13:58:57 CDT
43.1,2023-04-27 13:58:58 CDT
42.4,2023-04-27 13:58:59 CDT
41.2,2023-04-27 13:59:00 CDT
37.3,2023-04-27 13:59:01 CDT
13.3,2023-04-27 13:59:02 CDT
17.9,2023-04-27 13:59:03 CDT
27.8,2023-04-27 13:59:04 CDT
25.7,2023-04-27 13:59:05 CDT
27.6,2023-04-27 13:59:06 CDT
12.4,2023-04-27 13:59:07 CDT
26.0,2023-04-27 13:59:08 CDT
28.5,2023-04-27 13:59:09 CDT
27.3,2023-04-27 13:59:10 CDT
9.31,2023-04-27 13:59:11 CDT
6.44,2023-04-27 13:59:12 CDT
5.33,2023-04-27 13:59:13 CDT
8.63,2023-04-27 13:59:14 CDT
10.5,2023-04-27 13:59:15 CDT
11.2,2023-04-27 13:59:16 CDT
6.75,2023-04-27 13:59:17 CDT
9.57,2023-04-27 13:59:18 CDT
7.87,2023-04-27 13:59:19 CDT
11.5,2023-04-27 13:59:20 CDT
13.3,2023-04-27 13:59:21 CDT
8.27,2023-04-27 13:59:22 CDT
12.1,2023-04-27 13:59:23 CDT
10.2,2023-04-27 13:59:24 CDT
13.2,2023-04-27 13:59:25 CDT
12.9,2023-04-27 13:59:26 CDT
7.4,2023-04-27 13:59:27 CDT
11.4,2023-04-27 13:59:28 CDT
11.8,2023-04-27 13:59:29 CDT
11.7,2023-04-27 13:59:30 CDT
12.8,2023-04-27 13:59:31 CDT
6.28,2023-04-27 13:59:32 CDT
11.6,2023-04-27 13:59:33 CDT
14.0,2023-04-27 13:59:34 CDT
14.5,2023-04-27 13:59:35 CDT
16.6,2023-04-27 13:59:36 CDT
16.1,2023-04-27 13:59:37 CDT
20.1,2023-04-27 13:59:38 CDT
21.2,2023-04-27 13:59:39 CDT
20.0,2023-04-27 13:59:40 CDT
14.0,2023-04-27 13:59:41 CDT
14.1,2023-04-27 13:59:42 CDT
13.1,2023-04-27 13:59:43 CDT
10.1,2023-04-27 13:59:44 CDT
1.25,2023-04-27 13:59:45 CDT
8.09,2023-04-27 13:59:46 CDT
13.6,2023-04-27 13:59:47 CDT
17.0,2023-04-27 13:59:48 CDT
1.16,2023-04-27 13:59:49 CDT
3.0,2023-04-27 13:59:50 CDT
13.8,2023-04-27 13:59:51 CDT
15.9,2023-04-27 13:59:52 CDT
18.7,2023-04-27 13:59:53 CDT
20.9,2023-04-27 13:59:54 CDT
16.5,2023-04-27 13:59:55 CDT
17.3,2023-04-27 13:59:56 CDT
21.7,2023-04-27 13:59:57 CDT
17.3,2023-04-27 13:59:58 CDT
23.9,2023-04-27 13:59:59 CDT
5.74,2023-04-27 14:00:00 CDT
10.3,2023-04-27 14:00:01 CDT
19.0,2023-04-27 14:00:02 CDT
20.6,2023-04-27 14:00:03 CDT
17.9,2023-04-27 14:00:04 CDT
21.8,2023-04-27 14:00:05 CDT
22.8,2023-04-27 14:00:06 CDT
25.3,2023-04-27 14:00:07 CDT
25.1,2023-04-27 14:00:08 CDT
27.2,2023-04-27 14:00:09 CDT
30.0,2023-04-27 14:00:10 CDT
6.42,2023-04-27 14:00:11 CDT
13.3,2023-04-27 14:00:12 CDT
12.3,2023-04-27 14:00:13 CDT
11.9,2023-04-27 14:00:14 CDT
11.5,2023-04-27 14:00:15 CDT
11.7,2023-04-27 14:00:16 CDT
13.2,2023-04-27 14:00:17 CDT
11.6,2023-04-27 14:00:18 CDT
11.7,2023-04-27 14:00:19 CDT
14.8,2023-04-27 14:00:20 CDT
11.0,2023-04-27 14:00:21 CDT
6.3,2023-04-27 14:00:22 CDT
6.08,2023-04-27 14:00:23 CDT
6.56,2023-04-27 14:00:24 CDT
4.8,2023-04-27 14:00:25 CDT
4.72,2023-04-27 14:00:26 CDT
5.98,2023-04-27 14:00:27 CDT
7.33,2023-04-27 14:00:28 CDT
10.8,2023-04-27 14:00:29 CDT
9.46,2023-04-27 14:00:30 CDT
11.3,2023-04-27 14:00:31 CDT
15.1,2023-04-27 14:00:32 CDT
9.05,2023-04-27 14:00:33 CDT
12.2,2023-04-27 14:00:34 CDT
13.2,2023-04-27 14:00:35 CDT
13.1,2023-04-27 14:00:36 CDT
9.85,2023-04-27 14:00:37 CDT
5.21,2023-04-27 14:00:38 CDT
7.74,2023-04-27 14:00:39 CDT
9.28,2023-04-27 14:00:40 CDT
7.65,2023-04-27 14:00:41 CDT
10.2,2023-04-27 14:00:42 CDT
4.6,2023-04-27 14:00:43 CDT
4.69,2023-04-27 14:00:44 CDT
6.05,2023-04-27 14:00:45 CDT
7.74,2023-04-27 14:00:46 CDT
8.31,2023-04-27 14:00:47 CDT
4.69,2023-04-27 14:00:48 CDT
5.85,2023-04-27 14:00:49 CDT
0.0,2023-04-27 14:00:50 CDT
0.0,2023-04-27 14:00:51 CDT
0.0,2023-04-27 14:00:52 CDT
0.0,2023-04-27 14:00:53 CDT
0.0,2023-04-27 14:00:54 CDT
0.0,2023-04-27 14:00:55 CDT
0.0,2023-04-27 14:00:56 CDT
0.0,2023-04-27 14:00:57 CDT
0.0,2023-04-27 14:00:58 CDT
0.0,2023-04-27 14:00:59 CDT
0.0116,2023-04-27 14:01:00 CDT
0.51,2023-04-27 14:01:01 CDT
2.01,2023-04-27 14:01:02 CDT
2.06,2023-04-27 14:01:03 CDT
4.46,2023-04-27 14:01:04 CDT
7.15,2023-04-27 14:01:05 CDT
8.64,2023-04-27 14:01:06 CDT
10.6,2023-04-27 14:01:07 CDT
12.4,2023-04-27 14:01:08 CDT
12.6,2023-04-27 14:01:09 CDT
16.5,2023-04-27 14:01:10 CDT
16.4,2023-04-27 14:01:11 CDT
22.4,2023-04-27 14:01:12 CDT
14.9,2023-04-27 14:01:13 CDT
19.9,2023-04-27 14:01:14 CDT
8.39,2023-04-27 14:01:15 CDT
10.4,2023-04-27 14:01:16 CDT
13.4,2023-04-27 14:01:17 CDT
12.2,2023-04-27 14:01:18 CDT
13.8,2023-04-27 14:01:19 CDT
6.87,2023-04-27 14:01:20 CDT
8.41,2023-04-27 14:01:21 CDT
11.8,2023-04-27 14:01:22 CDT
14.7,2023-04-27 14:01:23 CDT
13.9,2023-04-27 14:01:24 CDT
3.1,2023-04-27 14:01:25 CDT
1.14,2023-04-27 14:01:26 CDT
20.6,2023-04-27 14:01:27 CDT
3.5,2023-04-27 14:01:28 CDT
0.0,2023-04-27 14:01:29 CDT
0.0,2023-04-27 14:01:30 CDT
0.0,2023-04-27 14:01:31 CDT
0.0,2023-04-27 14:01:32 CDT
0.0,2023-04-27 14:01:33 CDT
0.0,2023-04-27 14:01:34 CDT
0.0,2023-04-27 14:01:35 CDT
0.0,2023-04-27 14:01:36 CDT
0.0,2023-04-27 14:01:37 CDT
0.0,2023-04-27 14:01:38 CDT
0.0,2023-04-27 14:01:39 CDT
0.0,2023-04-27 14:01:40 CDT
0.0,2023-04-27 14:01:41 CDT
0.0,2023-04-27 14:01:42 CDT
0.0,2023-04-27 14:01:43 CDT
0.0,2023-04-27 14:01:44 CDT
0.0,2023-04-27 14:01:45 CDT
0.0,2023-04-27 14:01:46 CDT
0.0,2023-04-27 14:01:47 CDT
0.0,2023-04-27 14:01:48 CDT
0.0,2023-04-27 14:01:49 CDT
0.0,2023-04-27 14:01:50 CDT
0.0,2023-04-27 14:01:51 CDT
0.0,2023-04-27 14:01:52 CDT
0.0,2023-04-27 14:01:53 CDT
0.0,2023-04-27 14:01:54 CDT
0.0,2023-04-27 14:01:55 CDT
0.0,2023-04-27 14:01:56 CDT
0.0,2023-04-27 14:01:57 CDT
0.0,2023-04-27 14:01:58 CDT
0.0,2023-04-27 14:01:59 CDT
0.0,2023-04-27 14:02:00 CDT
0.0,2023-04-27 14:02:01 CDT
0.0,2023-04-27 14:02:02 CDT
0.0,2023-04-27 14:02:03 CDT
0.0,2023-04-27 14:02:04 CDT
0.0,2023-04-27 14:02:05 CDT
0.0,2023-04-27 14:02:06 CDT
1.69,2023-04-27 14:02:07 CDT
2.5,2023-04-27 14:02:08 CDT
4.95,2023-04-27 14:02:09 CDT
7.34,2023-04-27 14:02:10 CDT
0.868,2023-04-27 14:02:11 CDT
3.52,2023-04-27 14:02:12 CDT
4.46,2023-04-27 14:02:13 CDT
3.97,2023-04-27 14:02:14 CDT
15.6,2023-04-27 13:06:07 CDT
1.07,2023-04-27 13:06:08 CDT
0.509,2023-04-27 13:06:09 CDT
0.128,2023-04-27 13:06:10 CDT
1.27,2023-04-27 13:06:11 CDT
3.64,2023-04-27 13:06:12 CDT
2.95,2023-04-27 13:06:13 CDT
7.54,2023-04-27 13:06:14 CDT
10.2,2023-04-27 13:06:15 CDT
5.83,2023-04-27 13:06:16 CDT
8.12,2023-04-27 13:06:17 CDT
7.83,2023-04-27 13:06:18 CDT
10.3,2023-04-27 13:06:19 CDT
10.9,2023-04-27 13:06:20 CDT
11.9,2023-04-27 13:06:21 CDT
13.4,2023-04-27 13:06:22 CDT
8.85,2023-04-27 13:06:23 CDT
9.51,2023-04-27 13:06:24 CDT
10.6,2023-04-27 13:06:25 CDT
11.1,2023-04-27 13:06:26 CDT
11.7,2023-04-27 13:06:27 CDT
8.65,2023-04-27 13:06:28 CDT
12.7,2023-04-27 13:06:29 CDT
14.1,2023-04-27 13:06:30 CDT
16.2,2023-04-27 13:06:31 CDT
21.6,2023-04-27 13:06:32 CDT
11.0,2023-04-27 13:06:33 CDT
14.3,2023-04-27 13:06:34 CDT
13.8,2023-04-27 13:06:35 CDT
8.57,2023-04-27 13:06:36 CDT
3.04,2023-04-27 13:06:37 CDT
7.75,2023-04-27 13:06:38 CDT
14.0,2023-04-27 13:06:39 CDT
18.5,2023-04-27 13:06:40 CDT
6.85,2023-04-27 13:06:41 CDT
8.76,2023-04-27 13:06:42 CDT
7.95,2023-04-27 13:06:43 CDT
9.78,2023-04-27 13:06:44 CDT
9.64,2023-04-27 13:06:45 CDT
16.5,2023-04-27 13:06:46 CDT
17.7,2023-04-27 13:06:47 CDT
14.8,2023-04-27 13:06:48 CDT
8.98,2023-04-27 13:06:49 CDT
18.3,2023-04-27 13:06:50 CDT
18.9,2023-04-27 13:06:51 CDT
12.1,2023-04-27 13:06:52 CDT
17.0,2023-04-27 13:06:53 CDT
15.4,2023-04-27 13:06:54 CDT
12.5,2023-04-27 13:06:55 CDT
7.22,2023-04-27 13:06:56 CDT
6.77,2023-04-27 13:06:57 CDT
10.0,2023-04-27 13:06:58 CDT
4.58,2023-04-27 13:06:59 CDT
7.85,2023-04-27 13:07:00 CDT
8.6,2023-04-27 13:07:01 CDT
8.79,2023-04-27 13:07:02 CDT
8.61,2023-04-27 13:07:03 CDT
7.84,2023-04-27 13:07:04 CDT
8.54,2023-04-27 13:07:05 CDT
3.52,2023-04-27 13:07:06 CDT
5.4,2023-04-27 13:07:07 CDT
6.39,2023-04-27 13:07:08 CDT
3.87,2023-04-27 13:07:09 CDT
4.46,2023-04-27 13:07:10 CDT
5.68,2023-04-27 13:07:11 CDT
6.6,2023-04-27 13:07:12 CDT
7.37,2023-04-27 13:07:13 CDT
9.74,2023-04-27 13:07:14 CDT
10.6,2023-04-27 13:07:15 CDT
10.2,2023-04-27 13:07:16 CDT
8.62,2023-04-27 13:07:17 CDT
10.4,2023-04-27 13:07:18 CDT
12.0,2023-04-27 13:07:19 CDT
10.1,2023-04-27 13:07:20 CDT
9.16,2023-04-27 13:07:21 CDT
11.4,2023-04-27 13:07:22 CDT
11.6,2023-04-27 13:07:23 CDT
11.7,2023-04-27 13:07:24 CDT
15.1,2023-04-27 13:07:25 CDT
16.8,2023-04-27 13:07:26 CDT
13.1,2023-04-27 13:07:27 CDT
8.78,2023-04-27 13:07:28 CDT
15.4,2023-04-27 13:07:29 CDT
15.2,2023-04-27 13:07:30 CDT
10.2,2023-04-27 13:07:31 CDT
9.69,2023-04-27 13:07:32 CDT
13.2,2023-04-27 13:07:33 CDT
19.5,2023-04-27 13:07:34 CDT
17.9,2023-04-27 13:07:35 CDT
22.9,2023-04-27 13:07:36 CDT
12.9,2023-04-27 13:07:37 CDT
7.43,2023-04-27 13:07:38 CDT
18.0,2023-04-27 13:07:39 CDT
13.5,2023-04-27 13:07:40 CDT
14.8,2023-04-27 13:07:41 CDT
10.7,2023-04-27 13:07:42 CDT
12.2,2023-04-27 13:07:43 CDT
19.6,2023-04-27 13:07:44 CDT
12.0,2023-04-27 13:07:45 CDT
9.56,2023-04-27 13:07:46 CDT
9.73,2023-04-27 13:07:47 CDT
13.6,2023-04-27 13:07:48 CDT
16.0,2023-04-27 13:07:49 CDT
16.7,2023-04-27 13:07:50 CDT
8.11,2023-04-27 13:07:51 CDT
0.0,2023-04-27 13:07:52 CDT
0.0,2023-04-27 13:07:53 CDT
0.0,2023-04-27 13:07:54 CDT
0.0,2023-04-27 13:07:55 CDT
6.07,2023-04-27 13:07:56 CDT
8.99,2023-04-27 13:07:57 CDT
13.7,2023-04-27 13:07:58 CDT
20.1,2023-04-27 13:07:59 CDT
20.1,2023-04-27 13:08:00 CDT
19.1,2023-04-27 13:08:01 CDT
13.1,2023-04-27 13:08:02 CDT
9.51,2023-04-27 13:08:03 CDT
13.9,2023-04-27 13:08:04 CDT
17.4,2023-04-27 13:08:05 CDT
23.2,2023-04-27 13:08:06 CDT
28.5,2023-04-27 13:08:07 CDT
31.4,2023-04-27 13:08:08 CDT
27.8,2023-04-27 13:08:09 CDT
33.6,2023-04-27 13:08:10 CDT
22.0,2023-04-27 13:08:11 CDT
24.7,2023-04-27 13:08:12 CDT
24.4,2023-04-27 13:08:13 CDT
20.6,2023-04-27 13:08:14 CDT
24.0,2023-04-27 13:08:15 CDT
19.9,2023-04-27 13:08:16 CDT
18.6,2023-04-27 13:08:17 CDT
11.6,2023-04-27 13:08:18 CDT
16.0,2023-04-27 13:08:19 CDT
18.6,2023-04-27 13:08:20 CDT
21.7,2023-04-27 13:08:21 CDT
17.4,2023-04-27 13:08:22 CDT
21.1,2023-04-27 13:08:23 CDT
20.4,2023-04-27 13:08:24 CDT
24.1,2023-04-27 13:08:25 CDT
22.5,2023-04-27 13:08:26 CDT
28.8,2023-04-27 13:08:27 CDT
27.1,2023-04-27 13:08:28 CDT
22.0,2023-04-27 13:08:29 CDT
10.6,2023-04-27 13:08:30 CDT
6.98,2023-04-27 13:08:31 CDT
4.8,2023-04-27 13:08:32 CDT
8.13,2023-04-27 13:08:33 CDT
11.2,2023-04-27 13:08:34 CDT
12.2,2023-04-27 13:08:35 CDT
13.2,2023-04-27 13:08:36 CDT
18.0,2023-04-27 13:08:37 CDT
21.2,2023-04-27 13:08:38 CDT
17.8,2023-04-27 13:08:39 CDT
22.0,2023-04-27 13:08:40 CDT
16.0,2023-04-27 13:08:41 CDT
12.9,2023-04-27 13:08:42 CDT
14.1,2023-04-27 13:08:43 CDT
9.62,2023-04-27 13:08:44 CDT
15.1,2023-04-27 13:08:45 CDT
19.5,2023-04-27 13:08:46 CDT
10.8,2023-04-27 13:08:47 CDT
8.06,2023-04-27 13:08:48 CDT
10.1,2023-04-27 13:08:49 CDT
11.7,2023-04-27 13:08:50 CDT
10.2,2023-04-27 13:08:51 CDT
7.96,2023-04-27 13:08:52 CDT
8.79,2023-04-27 13:08:53 CDT
8.79,2023-04-27 13:08:54 CDT
10.7,2023-04-27 13:08:55 CDT
5.99,2023-04-27 13:08:56 CDT
6.14,2023-04-27 13:08:57 CDT
10.7,2023-04-27 13:08:58 CDT
13.5,2023-04-27 13:08:59 CDT
15.0,2023-04-27 13:09:00 CDT
13.8,2023-04-27 13:09:01 CDT
13.7,2023-04-27 13:09:02 CDT
14.8,2023-04-27 13:09:03 CDT
15.6,2023-04-27 13:09:04 CDT
17.3,2023-04-27 13:09:05 CDT
21.4,2023-04-27 13:09:06 CDT
20.2,2023-04-27 13:09:07 CDT
24.1,2023-04-27 13:09:08 CDT
22.3,2023-04-27 13:09:09 CDT
25.5,2023-04-27 13:09:10 CDT
12.0,2023-04-27 13:09:11 CDT
2.69,2023-04-27 13:09:12 CDT
8.56,2023-04-27 13:09:13 CDT
7.25,2023-04-27 13:09:14 CDT
7.3,2023-04-27 13:09:15 CDT
9.84,2023-04-27 13:09:16 CDT
8.67,2023-04-27 13:09:17 CDT
12.4,2023-04-27 13:09:18 CDT
11.0,2023-04-27 13:09:19 CDT
8.59,2023-04-27 13:09:20 CDT
5.05,2023-04-27 13:09:21 CDT
10.0,2023-04-27 13:09:22 CDT
6.72,2023-04-27 13:09:23 CDT
8.2,2023-04-27 13:09:24 CDT
4.09,2023-04-27 13:09:25 CDT
4.24,2023-04-27 13:09:26 CDT
8.29,2023-04-27 13:09:27 CDT
9.74,2023-04-27 13:09:28 CDT
13.4,2023-04-27 13:09:29 CDT
18.1,2023-04-27 13:09:30 CDT
23.4,2023-04-27 13:09:31 CDT
20.5,2023-04-27 13:09:32 CDT
24.2,2023-04-27 13:09:33 CDT
23.2,2023-04-27 13:09:34 CDT
23.5,2023-04-27 13:09:35 CDT
26.3,2023-04-27 13:09:36 CDT
26.8,2023-04-27 13:09:37 CDT
31.2,2023-04-27 13:09:38 CDT
28.1,2023-04-27 13:09:39 CDT
21.0,2023-04-27 13:09:40 CDT
22.1,2023-04-27 13:09:41 CDT
26.4,2023-04-27 13:09:42 CDT
31.3,2023-04-27 13:09:43 CDT
40.0,2023-04-27 13:09:44 CDT
46.0,2023-04-27 13:09:45 CDT
47.8,2023-04-27 13:09:46 CDT
67.4,2023-04-27 13:09:47 CDT
48.2,2023-04-27 13:09:48 CDT
33.2,2023-04-27 13:09:49 CDT
20.1,2023-04-27 13:09:50 CDT
13.6,2023-04-27 13:09:51 CDT
19.8,2023-04-27 13:09:52 CDT
17.3,2023-04-27 13:09:53 CDT
15.7,2023-04-27 13:09:54 CDT
11.1,2023-04-27 13:09:55 CDT
13.6,2023-04-27 13:09:56 CDT
8.17,2023-04-27 13:09:57 CDT
16.8,2023-04-27 13:09:58 CDT
21.4,2023-04-27 13:09:59 CDT
23.7,2023-04-27 13:10:00 CDT
23.4,2023-04-27 13:10:01 CDT
30.6,2023-04-27 13:10:02 CDT
31.1,2023-04-27 13:10:03 CDT
37.2,2023-04-27 13:10:04 CDT
41.9,2023-04-27 13:10:05 CDT
51.9,2023-04-27 13:10:06 CDT
38.2,2023-04-27 13:10:07 CDT
45.7,2023-04-27 13:10:08 CDT
39.3,2023-04-27 13:10:09 CDT
42.4,2023-04-27 13:10:10 CDT
24.7,2023-04-27 13:10:11 CDT
15.1,2023-04-27 13:10:12 CDT
25.7,2023-04-27 13:10:13 CDT
29.3,2023-04-27 13:10:14 CDT
29.2,2023-04-27 13:10:15 CDT
17.6,2023-04-27 13:10:16 CDT
18.0,2023-04-27 13:10:17 CDT
25.5,2023-04-27 13:10:18 CDT
33.6,2023-04-27 13:10:19 CDT
22.0,2023-04-27 13:10:20 CDT
32.6,2023-04-27 13:10:21 CDT
34.0,2023-04-27 13:10:22 CDT
28.3,2023-04-27 13:10:23 CDT
18.2,2023-04-27 13:10:24 CDT
32.6,2023-04-27 13:10:25 CDT
12.0,2023-04-27 13:10:26 CDT
13.8,2023-04-27 13:10:27 CDT
10.0,2023-04-27 13:10:28 CDT
11.4,2023-04-27 13:10:29 CDT
13.2,2023-04-27 13:10:30 CDT
7.97,2023-04-27 13:10:31 CDT
7.4,2023-04-27 13:10:32 CDT
7.22,2023-04-27 13:10:33 CDT
9.67,2023-04-27 13:10:34 CDT
11.8,2023-04-27 13:10:35 CDT
8.39,2023-04-27 13:10:36 CDT
7.51,2023-04-27 13:10:37 CDT
5.29,2023-04-27 13:10:38 CDT
5.37,2023-04-27 13:10:39 CDT
7.16,2023-04-27 13:10:40 CDT
3.16,2023-04-27 13:10:41 CDT
7.92,2023-04-27 13:10:42 CDT
8.81,2023-04-27 13:10:43 CDT
6.97,2023-04-27 13:10:44 CDT
7.46,2023-04-27 13:10:45 CDT
4.82,2023-04-27 13:10:46 CDT
6.34,2023-04-27 13:10:47 CDT
6.77,2023-04-27 13:10:48 CDT
9.17,2023-04-27 13:10:49 CDT
8.99,2023-04-27 13:10:50 CDT
3.93,2023-04-27 13:10:51 CDT
6.59,2023-04-27 13:10:52 CDT
6.16,2023-04-27 13:10:53 CDT
6.85,2023-04-27 13:10:54 CDT
7.09,2023-04-27 13:10:55 CDT
3.51,2023-04-27 13:10:56 CDT
0.393,2023-04-27 13:10:57 CDT
13.7,2023-04-27 13:10:58 CDT
20.2,2023-04-27 13:10:59 CDT
26.2,2023-04-27 13:11:00 CDT
15.8,2023-04-27 13:11:01 CDT
14.6,2023-04-27 13:11:02 CDT
20.2,2023-04-27 13:11:03 CDT
22.1,2023-04-27 13:11:04 CDT
22.0,2023-04-27 13:11:05 CDT
14.7,2023-04-27 13:11:06 CDT
11.0,2023-04-27 13:11:07 CDT
14.2,2023-04-27 13:11:08 CDT
10.4,2023-04-27 13:11:09 CDT
8.47,2023-04-27 13:11:10 CDT
2.18,2023-04-27 13:11:11 CDT
5.67,2023-04-27 13:11:12 CDT
6.96,2023-04-27 13:11:13 CDT
7.9,2023-04-27 13:11:14 CDT
8.13,2023-04-27 13:11:15 CDT
5.95,2023-04-27 13:11:16 CDT
9.7,2023-04-27 13:11:17 CDT
10.2,2023-04-27 13:11:18 CDT
10.2,2023-04-27 13:11:19 CDT
8.21,2023-04-27 13:11:20 CDT
7.26,2023-04-27 13:11:21 CDT
9.71,2023-04-27 13:11:22 CDT
10.8,2023-04-27 13:11:23 CDT
14.1,2023-04-27 13:11:24 CDT
17.2,2023-04-27 13:11:25 CDT
10.7,2023-04-27 13:11:26 CDT
7.22,2023-04-27 13:11:27 CDT
12.1,2023-04-27 13:11:28 CDT
9.38,2023-04-27 13:11:29 CDT
12.5,2023-04-27 13:11:30 CDT
10.5,2023-04-27 13:11:31 CDT
7.25,2023-04-27 13:11:32 CDT
9.31,2023-04-27 13:11:33 CDT
9.73,2023-04-27 13:11:34 CDT
15.9,2023-04-27 13:11:35 CDT
13.7,2023-04-27 13:11:36 CDT
15.3,2023-04-27 13:11:37 CDT
16.3,2023-04-27 13:11:38 CDT
17.7,2023-04-27 13:11:39 CDT
24.0,2023-04-27 13:11:40 CDT
14.9,2023-04-27 13:11:41 CDT
17.7,2023-04-27 13:11:42 CDT
20.0,2023-04-27 13:11:43 CDT
21.1,2023-04-27 13:11:44 CDT
20.7,2023-04-27 13:11:45 CDT
13.6,2023-04-27 13:11:46 CDT
20.8,2023-04-27 13:11:47 CDT
14.9,2023-04-27 13:11:48 CDT
20.6,2023-04-27 13:11:49 CDT
23.8,2023-04-27 13:11:50 CDT
24.1,2023-04-27 13:11:51 CDT
13.4,2023-04-27 13:11:52 CDT
3.75,2023-04-27 13:11:53 CDT
8.83,2023-04-27 13:11:54 CDT
10.4,2023-04-27 13:11:55 CDT
9.76,2023-04-27 13:11:56 CDT
8.92,2023-04-27 13:11:57 CDT
6.29,2023-04-27 13:11:58 CDT
6.17,2023-04-27 13:11:59 CDT
4.58,2023-04-27 13:12:00 CDT
5.12,2023-04-27 13:12:01 CDT
6.81,2023-04-27 13:12:02 CDT
5.78,2023-04-27 13:12:03 CDT
4.17,2023-04-27 13:12:04 CDT
0.0,2023-04-27 13:12:05 CDT
3.11,2023-04-27 13:12:06 CDT
7.24,2023-04-27 13:12:07 CDT
12.0,2023-04-27 13:12:08 CDT
20.5,2023-04-27 13:12:09 CDT
27.3,2023-04-27 13:12:10 CDT
15.2,2023-04-27 13:12:11 CDT
16.0,2023-04-27 13:12:12 CDT
14.1,2023-04-27 13:12:13 CDT
8.44,2023-04-27 13:12:14 CDT
10.2,2023-04-27 13:12:15 CDT
6.38,2023-04-27 13:12:16 CDT
4.84,2023-04-27 13:12:17 CDT
4.12,2023-04-27 13:12:18 CDT
3.63,2023-04-27 13:12:19 CDT
4.19,2023-04-27 13:12:20 CDT
4.65,2023-04-27 13:12:21 CDT
6.53,2023-04-27 13:12:22 CDT
7.31,2023-04-27 13:12:23 CDT
6.3,2023-04-27 13:12:24 CDT
6.47,2023-04-27 13:12:25 CDT
8.08,2023-04-27 13:12:26 CDT
11.9,2023-04-27 13:12:27 CDT
9.73,2023-04-27 13:12:28 CDT
12.5,2023-04-27 13:12:29 CDT
13.9,2023-04-27 13:12:30 CDT
18.4,2023-04-27 13:12:31 CDT
17.1,2023-04-27 13:12:32 CDT
18.9,2023-04-27 13:12:33 CDT
15.9,2023-04-27 13:12:34 CDT
15.5,2023-04-27 13:12:35 CDT
10.5,2023-04-27 13:12:36 CDT
14.3,2023-04-27 13:12:37 CDT
20.0,2023-04-27 13:12:38 CDT
22.9,2023-04-27 13:12:39 CDT
21.8,2023-04-27 13:12:40 CDT
14.4,2023-04-27 13:12:41 CDT
10.1,2023-04-27 13:12:42 CDT
18.1,2023-04-27 13:12:43 CDT
15.7,2023-04-27 13:12:44 CDT
18.8,2023-04-27 13:12:45 CDT
7.33,2023-04-27 13:12:46 CDT
19.2,2023-04-27 13:12:47 CDT
14.9,2023-04-27 13:12:48 CDT
0.0,2023-04-27 13:12:49 CDT
0.0,2023-04-27 13:12:50 CDT
4.44,2023-04-27 13:12:51 CDT
17.2,2023-04-27 13:12:52 CDT
17.3,2023-04-27 13:12:53 CDT
18.3,2023-04-27 13:12:54 CDT
16.3,2023-04-27 13:12:55 CDT
7.83,2023-04-27 13:12:56 CDT
5.97,2023-04-27 13:12:57 CDT
5.96,2023-04-27 13:12:58 CDT
4.77,2023-04-27 13:12:59 CDT
7.48,2023-04-27 13:13:00 CDT
6.06,2023-04-27 13:13:01 CDT
3.51,2023-04-27 13:13:02 CDT
6.79,2023-04-27 13:13:03 CDT
7.33,2023-04-27 13:13:04 CDT
8.33,2023-04-27 13:13:05 CDT
9.09,2023-04-27 13:13:06 CDT
6.54,2023-04-27 13:13:07 CDT
7.03,2023-04-27 13:13:08 CDT
9.96,2023-04-27 13:13:09 CDT
12.3,2023-04-27 13:13:10 CDT
5.48,2023-04-27 13:13:11 CDT
9.0,2023-04-27 13:13:12 CDT
10.6,2023-04-27 13:13:13 CDT
11.2,2023-04-27 13:13:14 CDT
14.1,2023-04-27 13:13:15 CDT
14.0,2023-04-27 13:13:16 CDT
17.3,2023-04-27 13:13:17 CDT
16.5,2023-04-27 13:13:18 CDT
27.4,2023-04-27 13:13:19 CDT
22.4,2023-04-27 13:13:20 CDT
19.2,2023-04-27 13:13:21 CDT
26.8,2023-04-27 13:13:22 CDT
35.7,2023-04-27 13:13:23 CDT
35.2,2023-04-27 13:13:24 CDT
32.4,2023-04-27 13:13:25 CDT
23.9,2023-04-27 13:13:26 CDT
23.0,2023-04-27 13:13:27 CDT
27.6,2023-04-27 13:13:28 CDT
33.6,2023-04-27 13:13:29 CDT
21.2,2023-04-27 13:13:30 CDT
25.0,2023-04-27 13:13:31 CDT
35.4,2023-04-27 13:13:32 CDT
30.4,2023-04-27 13:13:33 CDT
36.1,2023-04-27 13:13:34 CDT
32.8,2023-04-27 13:13:35 CDT
21.2,2023-04-27 13:13:36 CDT
28.2,2023-04-27 13:13:37 CDT
26.1,2023-04-27 13:13:38 CDT
25.6,2023-04-27 13:13:39 CDT
23.7,2023-04-27 13:13:40 CDT
18.1,2023-04-27 13:13:41 CDT
22.8,2023-04-27 13:13:42 CDT
19.1,2023-04-27 13:13:43 CDT
14.6,2023-04-27 13:13:44 CDT
8.98,2023-04-27 13:13:45 CDT
7.96,2023-04-27 13:13:46 CDT
6.87,2023-04-27 13:13:47 CDT
6.92,2023-04-27 13:13:48 CDT
7.24,2023-04-27 13:13:49 CDT
6.74,2023-04-27 13:13:50 CDT
7.9,2023-04-27 13:13:51 CDT
6.17,2023-04-27 13:13:52 CDT
8.32,2023-04-27 13:13:53 CDT
6.15,2023-04-27 13:13:54 CDT
6.94,2023-04-27 13:13:55 CDT
4.29,2023-04-27 13:13:56 CDT
3.46,2023-04-27 13:13:57 CDT
2.49,2023-04-27 13:13:58 CDT
5.21,2023-04-27 13:13:59 CDT
7.18,2023-04-27 13:14:00 CDT
7.62,2023-04-27 13:14:01 CDT
5.71,2023-04-27 13:14:02 CDT
3.13,2023-04-27 13:14:03 CDT
2.85,2023-04-27 13:14:04 CDT
5.12,2023-04-27 13:14:05 CDT
4.61,2023-04-27 13:14:06 CDT
51.9,2023-04-27 11:22:29 CDT
95.1,2023-04-27 11:22:30 CDT
111.0,2023-04-27 11:22:31 CDT
97.3,2023-04-27 11:22:32 CDT
172.0,2023-04-27 11:22:33 CDT
132.0,2023-04-27 11:22:34 CDT
159.0,2023-04-27 11:22:35 CDT
163.0,2023-04-27 11:22:36 CDT
114.0,2023-04-27 11:22:37 CDT
43.2,2023-04-27 11:22:38 CDT
39.8,2023-04-27 11:22:39 CDT
34.5,2023-04-27 11:22:40 CDT
29.4,2023-04-27 11:22:41 CDT
34.8,2023-04-27 11:22:42 CDT
29.3,2023-04-27 11:22:43 CDT
18.9,2023-04-27 11:22:44 CDT
15.5,2023-04-27 11:22:45 CDT
15.2,2023-04-27 11:22:46 CDT
15.5,2023-04-27 11:22:47 CDT
11.4,2023-04-27 11:22:48 CDT
13.0,2023-04-27 11:22:49 CDT
11.3,2023-04-27 11:22:50 CDT
11.2,2023-04-27 11:22:51 CDT
12.5,2023-04-27 11:22:52 CDT
10.9,2023-04-27 11:22:53 CDT
12.7,2023-04-27 11:22:54 CDT
12.3,2023-04-27 11:22:55 CDT
0.046299999999999994,2023-04-27 11:22:56 CDT
10.8,2023-04-27 11:22:57 CDT
17.7,2023-04-27 11:22:58 CDT
22.4,2023-04-27 11:22:59 CDT
28.5,2023-04-27 11:23:00 CDT
26.0,2023-04-27 11:23:01 CDT
25.4,2023-04-27 11:23:02 CDT
21.6,2023-04-27 11:23:03 CDT
21.2,2023-04-27 11:23:04 CDT
23.4,2023-04-27 11:23:05 CDT
20.0,2023-04-27 11:23:06 CDT
20.0,2023-04-27 11:23:07 CDT
19.8,2023-04-27 11:23:08 CDT
20.3,2023-04-27 11:23:09 CDT
16.5,2023-04-27 11:23:10 CDT
14.8,2023-04-27 11:23:11 CDT
24.2,2023-04-27 11:23:12 CDT
28.9,2023-04-27 11:23:13 CDT
29.3,2023-04-27 11:23:14 CDT
28.8,2023-04-27 11:23:15 CDT
32.6,2023-04-27 11:23:16 CDT
28.1,2023-04-27 11:23:17 CDT
23.8,2023-04-27 11:23:18 CDT
16.9,2023-04-27 11:23:19 CDT
12.4,2023-04-27 11:23:20 CDT
12.0,2023-04-27 11:23:21 CDT
7.77,2023-04-27 11:23:22 CDT
10.5,2023-04-27 11:23:23 CDT
14.5,2023-04-27 11:23:24 CDT
11.9,2023-04-27 11:23:25 CDT
14.3,2023-04-27 11:23:26 CDT
18.9,2023-04-27 11:23:27 CDT
20.4,2023-04-27 11:23:28 CDT
24.1,2023-04-27 11:23:29 CDT
25.3,2023-04-27 11:23:30 CDT
29.1,2023-04-27 11:23:31 CDT
32.5,2023-04-27 11:23:32 CDT
37.7,2023-04-27 11:23:33 CDT
49.0,2023-04-27 11:23:34 CDT
46.0,2023-04-27 11:23:35 CDT
50.8,2023-04-27 11:23:36 CDT
49.3,2023-04-27 11:23:37 CDT
52.6,2023-04-27 11:23:38 CDT
52.8,2023-04-27 11:23:39 CDT
41.6,2023-04-27 11:23:40 CDT
47.3,2023-04-27 11:23:41 CDT
49.7,2023-04-27 11:23:42 CDT
44.1,2023-04-27 11:23:43 CDT
41.6,2023-04-27 11:23:44 CDT
37.1,2023-04-27 11:23:45 CDT
41.4,2023-04-27 11:23:46 CDT
24.8,2023-04-27 11:23:47 CDT
14.6,2023-04-27 11:23:48 CDT
16.2,2023-04-27 11:23:49 CDT
15.5,2023-04-27 11:23:50 CDT
14.4,2023-04-27 11:23:51 CDT
18.8,2023-04-27 11:23:52 CDT
16.8,2023-04-27 11:23:53 CDT
15.3,2023-04-27 11:23:54 CDT
19.2,2023-04-27 11:23:55 CDT
24.7,2023-04-27 11:23:56 CDT
27.2,2023-04-27 11:23:57 CDT
26.6,2023-04-27 11:23:58 CDT
24.6,2023-04-27 11:23:59 CDT
24.5,2023-04-27 11:24:00 CDT
23.9,2023-04-27 11:24:01 CDT
29.8,2023-04-27 11:24:02 CDT
33.0,2023-04-27 11:24:03 CDT
28.9,2023-04-27 11:24:04 CDT
35.6,2023-04-27 11:24:05 CDT
36.6,2023-04-27 11:24:06 CDT
39.4,2023-04-27 11:24:07 CDT
45.6,2023-04-27 11:24:08 CDT
51.2,2023-04-27 11:24:09 CDT
45.5,2023-04-27 11:24:10 CDT
41.9,2023-04-27 11:24:11 CDT
40.2,2023-04-27 11:24:12 CDT
33.5,2023-04-27 11:24:13 CDT
35.2,2023-04-27 11:24:14 CDT
19.8,2023-04-27 11:24:15 CDT
13.3,2023-04-27 11:24:16 CDT
1.04,2023-04-27 11:24:17 CDT
5.93,2023-04-27 11:24:18 CDT
4.82,2023-04-27 11:24:19 CDT
0.0,2023-04-27 11:24:20 CDT
0.0,2023-04-27 11:24:21 CDT
2.0,2023-04-27 11:24:22 CDT
5.81,2023-04-27 11:24:23 CDT
6.29,2023-04-27 11:24:24 CDT
9.7,2023-04-27 11:24:25 CDT
8.72,2023-04-27 11:24:26 CDT
8.04,2023-04-27 11:24:27 CDT
8.54,2023-04-27 11:24:28 CDT
12.3,2023-04-27 11:24:29 CDT
11.0,2023-04-27 11:24:30 CDT
9.22,2023-04-27 11:24:31 CDT
9.11,2023-04-27 11:24:32 CDT
9.64,2023-04-27 11:24:33 CDT
10.4,2023-04-27 11:24:34 CDT
12.5,2023-04-27 11:24:35 CDT
12.0,2023-04-27 11:24:36 CDT
12.2,2023-04-27 11:24:37 CDT
10.1,2023-04-27 11:24:38 CDT
10.2,2023-04-27 11:24:39 CDT
7.99,2023-04-27 11:24:40 CDT
8.28,2023-04-27 11:24:41 CDT
10.7,2023-04-27 11:24:42 CDT
11.3,2023-04-27 11:24:43 CDT
14.1,2023-04-27 11:24:44 CDT
4.95,2023-04-27 11:24:45 CDT
4.63,2023-04-27 11:24:46 CDT
4.07,2023-04-27 11:24:47 CDT
4.3,2023-04-27 11:24:48 CDT
5.49,2023-04-27 11:24:49 CDT
4.24,2023-04-27 11:24:50 CDT
4.33,2023-04-27 11:24:51 CDT
3.89,2023-04-27 11:24:52 CDT
5.06,2023-04-27 11:24:53 CDT
0.73,2023-04-27 11:24:54 CDT
0.429,2023-04-27 11:24:55 CDT
3.2,2023-04-27 11:24:56 CDT
5.73,2023-04-27 11:24:57 CDT
10.1,2023-04-27 11:24:58 CDT
9.48,2023-04-27 11:24:59 CDT
6.59,2023-04-27 11:25:00 CDT
9.17,2023-04-27 11:25:01 CDT
10.5,2023-04-27 11:25:02 CDT
12.4,2023-04-27 11:25:03 CDT
11.2,2023-04-27 11:25:04 CDT
12.4,2023-04-27 11:25:05 CDT
10.2,2023-04-27 11:25:06 CDT
13.6,2023-04-27 11:25:07 CDT
12.8,2023-04-27 11:25:08 CDT
7.03,2023-04-27 11:25:09 CDT
7.01,2023-04-27 11:25:10 CDT
8.69,2023-04-27 11:25:11 CDT
10.5,2023-04-27 11:25:12 CDT
13.0,2023-04-27 11:25:13 CDT
15.3,2023-04-27 11:25:14 CDT
19.2,2023-04-27 11:25:15 CDT
20.2,2023-04-27 11:25:16 CDT
22.9,2023-04-27 11:25:17 CDT
29.3,2023-04-27 11:25:18 CDT
39.4,2023-04-27 11:25:19 CDT
31.1,2023-04-27 11:25:20 CDT
64.4,2023-04-27 11:25:21 CDT
70.6,2023-04-27 11:25:22 CDT
37.1,2023-04-27 11:25:23 CDT
26.4,2023-04-27 11:25:24 CDT
38.5,2023-04-27 11:25:25 CDT
44.3,2023-04-27 11:25:26 CDT
39.1,2023-04-27 11:25:27 CDT
33.8,2023-04-27 11:25:28 CDT
49.7,2023-04-27 11:25:29 CDT
47.4,2023-04-27 11:25:30 CDT
51.6,2023-04-27 11:25:31 CDT
54.4,2023-04-27 11:25:32 CDT
56.8,2023-04-27 11:25:33 CDT
67.2,2023-04-27 11:25:34 CDT
74.8,2023-04-27 11:25:35 CDT
84.9,2023-04-27 11:25:36 CDT
112.0,2023-04-27 11:25:37 CDT
48.8,2023-04-27 11:25:38 CDT
39.1,2023-04-27 11:25:39 CDT
40.6,2023-04-27 11:25:40 CDT
41.7,2023-04-27 11:25:41 CDT
37.6,2023-04-27 11:25:42 CDT
35.2,2023-04-27 11:25:43 CDT
24.9,2023-04-27 11:25:44 CDT
27.9,2023-04-27 11:25:45 CDT
28.3,2023-04-27 11:25:46 CDT
31.3,2023-04-27 11:25:47 CDT
29.1,2023-04-27 11:25:48 CDT
32.7,2023-04-27 11:25:49 CDT
29.0,2023-04-27 11:25:50 CDT
39.1,2023-04-27 11:25:51 CDT
38.8,2023-04-27 11:25:52 CDT
25.3,2023-04-27 11:25:53 CDT
38.6,2023-04-27 11:25:54 CDT
27.0,2023-04-27 11:25:55 CDT
28.2,2023-04-27 11:25:56 CDT
33.7,2023-04-27 11:25:57 CDT
35.4,2023-04-27 11:25:58 CDT
34.4,2023-04-27 11:25:59 CDT
37.4,2023-04-27 11:26:00 CDT
29.7,2023-04-27 11:26:01 CDT
31.2,2023-04-27 11:26:02 CDT
31.7,2023-04-27 11:26:03 CDT
19.7,2023-04-27 11:26:04 CDT
22.2,2023-04-27 11:26:05 CDT
22.2,2023-04-27 11:26:06 CDT
22.7,2023-04-27 11:26:07 CDT
21.3,2023-04-27 11:26:08 CDT
19.5,2023-04-27 11:26:09 CDT
17.5,2023-04-27 11:26:10 CDT
9.81,2023-04-27 11:26:11 CDT
11.2,2023-04-27 11:26:12 CDT
15.7,2023-04-27 11:26:13 CDT
15.0,2023-04-27 11:26:14 CDT
19.8,2023-04-27 11:26:15 CDT
24.4,2023-04-27 11:26:16 CDT
16.6,2023-04-27 11:26:17 CDT
18.4,2023-04-27 11:26:18 CDT
22.1,2023-04-27 11:26:19 CDT
28.9,2023-04-27 11:26:20 CDT
26.6,2023-04-27 11:26:21 CDT
14.2,2023-04-27 11:26:22 CDT
16.2,2023-04-27 11:26:23 CDT
18.5,2023-04-27 11:26:24 CDT
9.72,2023-04-27 11:26:25 CDT
17.0,2023-04-27 11:26:26 CDT
16.5,2023-04-27 11:26:27 CDT
15.8,2023-04-27 11:26:28 CDT
11.6,2023-04-27 11:26:29 CDT
6.68,2023-04-27 11:26:30 CDT
7.37,2023-04-27 11:26:31 CDT
9.48,2023-04-27 11:26:32 CDT
2.32,2023-04-27 11:26:33 CDT
7.67,2023-04-27 11:26:34 CDT
9.29,2023-04-27 11:26:35 CDT
5.17,2023-04-27 11:26:36 CDT
4.51,2023-04-27 11:26:37 CDT
13.1,2023-04-27 11:26:38 CDT
16.9,2023-04-27 11:26:39 CDT
11.0,2023-04-27 11:26:40 CDT
8.5,2023-04-27 11:26:41 CDT
10.0,2023-04-27 11:26:42 CDT
11.6,2023-04-27 11:26:43 CDT
10.7,2023-04-27 11:26:44 CDT
10.6,2023-04-27 11:26:45 CDT
8.84,2023-04-27 11:26:46 CDT
7.46,2023-04-27 11:26:47 CDT
10.5,2023-04-27 11:26:48 CDT
11.0,2023-04-27 11:26:49 CDT
10.5,2023-04-27 11:26:50 CDT
13.8,2023-04-27 11:26:51 CDT
12.9,2023-04-27 11:26:52 CDT
15.1,2023-04-27 11:26:53 CDT
15.8,2023-04-27 11:26:54 CDT
20.6,2023-04-27 11:26:55 CDT
20.1,2023-04-27 11:26:56 CDT
9.94,2023-04-27 11:26:57 CDT
14.7,2023-04-27 11:26:58 CDT
3.5,2023-04-27 11:26:59 CDT
8.9,2023-04-27 11:27:00 CDT
13.4,2023-04-27 11:27:01 CDT
15.1,2023-04-27 11:27:02 CDT
10.3,2023-04-27 11:27:03 CDT
7.02,2023-04-27 11:27:04 CDT
12.3,2023-04-27 11:27:05 CDT
11.2,2023-04-27 11:27:06 CDT
17.6,2023-04-27 11:27:07 CDT
16.6,2023-04-27 11:27:08 CDT
17.3,2023-04-27 11:27:09 CDT
15.5,2023-04-27 11:27:10 CDT
2.53,2023-04-27 11:27:11 CDT
5.81,2023-04-27 11:27:12 CDT
6.97,2023-04-27 11:27:13 CDT
6.34,2023-04-27 11:27:14 CDT
7.53,2023-04-27 11:27:15 CDT
5.13,2023-04-27 11:27:16 CDT
7.69,2023-04-27 11:27:17 CDT
4.11,2023-04-27 11:27:18 CDT
3.43,2023-04-27 11:27:19 CDT
4.52,2023-04-27 11:27:20 CDT
6.21,2023-04-27 11:27:21 CDT
2.62,2023-04-27 11:27:22 CDT
5.57,2023-04-27 11:27:23 CDT
3.31,2023-04-27 11:27:24 CDT
5.27,2023-04-27 11:27:25 CDT
5.68,2023-04-27 11:27:26 CDT
9.8,2023-04-27 11:27:27 CDT
12.4,2023-04-27 11:27:28 CDT
16.3,2023-04-27 11:27:29 CDT
8.88,2023-04-27 11:27:30 CDT
8.41,2023-04-27 11:27:31 CDT
9.48,2023-04-27 11:27:32 CDT
13.3,2023-04-27 11:27:33 CDT
17.1,2023-04-27 11:27:34 CDT
18.1,2023-04-27 11:27:35 CDT
14.7,2023-04-27 11:27:36 CDT
20.7,2023-04-27 11:27:37 CDT
24.7,2023-04-27 11:27:38 CDT
39.7,2023-04-27 11:27:39 CDT
41.9,2023-04-27 11:27:40 CDT
75.2,2023-04-27 11:27:41 CDT
82.6,2023-04-27 11:27:42 CDT
75.7,2023-04-27 11:27:43 CDT
66.2,2023-04-27 11:27:44 CDT
83.6,2023-04-27 11:27:45 CDT
86.5,2023-04-27 11:27:46 CDT
86.0,2023-04-27 11:27:47 CDT
64.3,2023-04-27 11:27:48 CDT
94.4,2023-04-27 11:27:49 CDT
99.4,2023-04-27 11:27:50 CDT
103.0,2023-04-27 11:27:51 CDT
103.0,2023-04-27 11:27:52 CDT
123.0,2023-04-27 11:27:53 CDT
143.0,2023-04-27 11:27:54 CDT
130.0,2023-04-27 11:27:55 CDT
85.4,2023-04-27 11:27:56 CDT
54.2,2023-04-27 11:27:57 CDT
45.0,2023-04-27 11:27:58 CDT
41.2,2023-04-27 11:27:59 CDT
43.5,2023-04-27 11:28:00 CDT
36.4,2023-04-27 11:28:01 CDT
36.0,2023-04-27 11:28:02 CDT
35.0,2023-04-27 11:28:03 CDT
38.0,2023-04-27 11:28:04 CDT
39.8,2023-04-27 11:28:05 CDT
38.9,2023-04-27 11:28:06 CDT
28.2,2023-04-27 11:28:07 CDT
27.9,2023-04-27 11:28:08 CDT
19.6,2023-04-27 11:28:09 CDT
21.9,2023-04-27 11:28:10 CDT
28.6,2023-04-27 11:28:11 CDT
28.1,2023-04-27 11:28:12 CDT
32.2,2023-04-27 11:28:13 CDT
36.6,2023-04-27 11:28:14 CDT
38.8,2023-04-27 11:28:15 CDT
33.7,2023-04-27 11:28:16 CDT
21.8,2023-04-27 11:28:17 CDT
21.6,2023-04-27 11:28:18 CDT
27.4,2023-04-27 11:28:19 CDT
31.8,2023-04-27 11:28:20 CDT
27.0,2023-04-27 11:28:21 CDT
19.1,2023-04-27 11:28:22 CDT
22.4,2023-04-27 11:28:23 CDT
19.0,2023-04-27 11:28:24 CDT
19.7,2023-04-27 11:28:25 CDT
21.5,2023-04-27 11:28:26 CDT
21.0,2023-04-27 11:28:27 CDT
21.1,2023-04-27 11:28:28 CDT
22.0,2023-04-27 11:28:29 CDT
14.9,2023-04-27 11:28:30 CDT
17.3,2023-04-27 11:28:31 CDT
14.2,2023-04-27 11:28:32 CDT
18.7,2023-04-27 11:28:33 CDT
18.1,2023-04-27 11:28:34 CDT
18.6,2023-04-27 11:28:35 CDT
18.6,2023-04-27 11:28:36 CDT
22.3,2023-04-27 11:28:37 CDT
23.4,2023-04-27 11:28:38 CDT
25.0,2023-04-27 11:28:39 CDT
23.7,2023-04-27 11:28:40 CDT
34.2,2023-04-27 11:28:41 CDT
38.1,2023-04-27 11:28:42 CDT
32.8,2023-04-27 11:28:43 CDT
39.8,2023-04-27 11:28:44 CDT
32.2,2023-04-27 11:28:45 CDT
33.4,2023-04-27 11:28:46 CDT
36.7,2023-04-27 11:28:47 CDT
38.5,2023-04-27 11:28:48 CDT
44.7,2023-04-27 11:28:49 CDT
42.5,2023-04-27 11:28:50 CDT
42.7,2023-04-27 11:28:51 CDT
52.7,2023-04-27 11:28:52 CDT
58.6,2023-04-27 11:28:53 CDT
78.1,2023-04-27 11:28:54 CDT
55.3,2023-04-27 11:28:55 CDT
39.9,2023-04-27 11:28:56 CDT
47.5,2023-04-27 11:28:57 CDT
46.0,2023-04-27 11:28:58 CDT
38.2,2023-04-27 11:28:59 CDT
51.6,2023-04-27 11:29:00 CDT
54.2,2023-04-27 11:29:01 CDT
53.8,2023-04-27 11:29:02 CDT
37.4,2023-04-27 11:29:03 CDT
28.9,2023-04-27 11:29:04 CDT
39.7,2023-04-27 11:29:05 CDT
51.7,2023-04-27 11:29:06 CDT
25.4,2023-04-27 11:29:07 CDT
21.5,2023-04-27 11:29:08 CDT
11.7,2023-04-27 11:29:09 CDT
6.24,2023-04-27 11:29:10 CDT
6.82,2023-04-27 11:29:11 CDT
8.82,2023-04-27 11:29:12 CDT
11.5,2023-04-27 11:29:13 CDT
13.5,2023-04-27 11:29:14 CDT
12.6,2023-04-27 11:29:15 CDT
14.3,2023-04-27 11:29:16 CDT
19.6,2023-04-27 11:29:17 CDT
34.7,2023-04-27 11:29:18 CDT
38.1,2023-04-27 11:29:19 CDT
39.9,2023-04-27 11:29:20 CDT
31.8,2023-04-27 11:29:21 CDT
28.1,2023-04-27 11:29:22 CDT
23.0,2023-04-27 11:29:23 CDT
14.4,2023-04-27 11:29:24 CDT
15.4,2023-04-27 11:29:25 CDT
17.9,2023-04-27 11:29:26 CDT
15.8,2023-04-27 11:29:27 CDT
14.7,2023-04-27 11:29:28 CDT
16.5,2023-04-27 11:29:29 CDT
12.6,2023-04-27 11:29:30 CDT
14.7,2023-04-27 11:29:31 CDT
14.4,2023-04-27 11:29:32 CDT
12.8,2023-04-27 11:29:33 CDT
11.4,2023-04-27 11:29:34 CDT
10.2,2023-04-27 11:29:35 CDT
11.1,2023-04-27 11:29:36 CDT
9.15,2023-04-27 11:29:37 CDT
9.89,2023-04-27 11:29:38 CDT
12.8,2023-04-27 11:29:39 CDT
12.3,2023-04-27 11:29:40 CDT
10.8,2023-04-27 11:29:41 CDT
7.59,2023-04-27 11:29:42 CDT
5.18,2023-04-27 11:29:43 CDT
6.92,2023-04-27 11:29:44 CDT
8.56,2023-04-27 11:29:45 CDT
8.43,2023-04-27 11:29:46 CDT
8.22,2023-04-27 11:29:47 CDT
4.81,2023-04-27 11:29:48 CDT
8.06,2023-04-27 11:29:49 CDT
12.1,2023-04-27 11:29:50 CDT
11.8,2023-04-27 11:29:51 CDT
9.39,2023-04-27 11:29:52 CDT
11.4,2023-04-27 11:29:53 CDT
10.5,2023-04-27 11:29:54 CDT
13.2,2023-04-27 11:29:55 CDT
19.8,2023-04-27 11:29:56 CDT
25.2,2023-04-27 11:29:57 CDT
26.9,2023-04-27 11:29:58 CDT
29.5,2023-04-27 11:29:59 CDT
30.6,2023-04-27 11:30:00 CDT
35.6,2023-04-27 11:30:01 CDT
38.7,2023-04-27 11:30:02 CDT
6.62,2023-04-27 11:30:03 CDT
4.29,2023-04-27 11:30:04 CDT
15.3,2023-04-27 11:30:05 CDT
9.51,2023-04-27 11:30:06 CDT
5.42,2023-04-27 11:30:07 CDT
3.98,2023-04-27 11:30:08 CDT
5.41,2023-04-27 11:30:09 CDT
5.58,2023-04-27 11:30:10 CDT
5.98,2023-04-27 11:30:11 CDT
10.7,2023-04-27 11:30:12 CDT
15.3,2023-04-27 11:30:13 CDT
19.3,2023-04-27 11:30:14 CDT
21.9,2023-04-27 11:30:15 CDT
26.6,2023-04-27 11:30:16 CDT
32.8,2023-04-27 11:30:17 CDT
29.1,2023-04-27 11:30:18 CDT
36.7,2023-04-27 11:30:19 CDT
48.9,2023-04-27 11:30:20 CDT
54.1,2023-04-27 11:30:21 CDT
61.8,2023-04-27 11:30:22 CDT
79.0,2023-04-27 11:30:23 CDT
77.7,2023-04-27 11:30:24 CDT
77.0,2023-04-27 11:30:25 CDT
63.4,2023-04-27 11:30:26 CDT
78.2,2023-04-27 11:30:27 CDT
65.6,2023-04-27 11:30:28 CDT
